,city,year,weekofyear,week_start_date,ndvi_sw,precipitation_amt_mm,reanalysis_air_temp_k,reanalysis_avg_temp_k,reanalysis_dew_point_temp_k,reanalysis_min_air_temp_k,reanalysis_precip_amt_kg_per_m2,reanalysis_relative_humidity_percent,reanalysis_sat_precip_amt_mm,reanalysis_specific_humidity_g_per_kg,station_avg_temp_c,station_max_temp_c,station_min_temp_c,station_precip_mm,total_cases
936,iq,2000,26,2000-07-01,0.2472,25.41,296.74,298.45,295.184285714,293.1,43.19,92.4185714286,25.41,16.6514285714,26.4,32.5,20.7,3.0,0
937,iq,2000,27,2000-07-08,0.24165709999999999,60.61,296.63428571400004,298.428571429,295.358571429,291.1,46.0,93.5814285714,60.61,16.8628571429,26.9,34.0,20.8,55.6,0
938,iq,2000,28,2000-07-15,0.1280143,55.52,296.41571428599997,297.392857143,295.622857143,292.6,64.77,95.84857142860001,55.52,17.12,26.8,33.0,20.7,38.1,0
939,iq,2000,29,2000-07-22,0.20031429999999997,5.6,295.357142857,296.228571429,292.797142857,288.6,23.96,87.2342857143,5.6,14.431428571400001,25.7666666667,31.5,14.7,30.0,0
940,iq,2000,30,2000-07-29,0.3610429,62.76,296.432857143,297.635714286,293.957142857,291.5,31.8,88.1614285714,62.76,15.444285714300001,26.6,33.3,19.1,4.0,0
941,iq,2000,31,2000-08-05,0.2553143,16.24,297.19142857099996,298.285714286,291.72571428599997,288.5,1.0,74.72857142859999,16.24,13.421428571400002,25.34,32.0,17.0,11.5,0
942,iq,2000,32,2000-08-12,0.38727140000000004,89.37,297.32,298.978571429,293.821428571,292.1,26.68,83.27571428569999,89.37,15.3114285714,27.0166666667,34.0,19.9,72.9,0
943,iq,2000,33,2000-08-19,0.38275,42.08,297.627142857,299.335714286,293.992857143,290.6,16.9,82.49,42.08,15.465714285699999,26.5833333333,33.0,20.5,50.1,0
944,iq,2000,34,2000-08-26,0.3027143,49.22,298.238571429,299.571428571,292.904285714,291.3,5.59,74.74,49.22,14.444285714300001,26.9,34.0,19.0,89.2,0
945,iq,2000,35,2000-09-02,0.32425709999999996,53.65,299.218571429,300.928571429,293.472857143,292.9,16.07,74.1514285714,53.65,15.0571428571,27.116666666700002,34.0,20.0,78.0,0
946,iq,2000,36,2000-09-09,0.26592859999999996,23.12,300.802857143,301.935714286,290.635714286,291.5,2.5,57.7871428571,23.12,12.6528571429,28.366666666700002,35.8,21.7,56.9,1
947,iq,2000,37,2000-09-16,0.3281571,34.62,299.858571429,301.37142857099997,293.64,292.3,4.1,71.66,34.62,15.2271428571,27.425,34.5,20.5,18.9,0
948,iq,2000,38,2000-09-23,0.2425714,97.55,297.435714286,298.51428571400004,292.707142857,288.3,3.2,77.4871428571,97.55,14.338571428599998,27.5333333333,36.0,20.5,104.2,0
949,iq,2000,39,2000-09-30,0.18278570000000002,95.89,299.35571428599997,300.885714286,293.217142857,290.0,2.6,71.4628571429,95.89,14.798571428599999,27.15,34.0,20.5,57.9,0
950,iq,2000,40,2000-10-07,0.25505,46.22,298.372857143,300.5,294.664285714,292.7,16.6,82.3714285714,46.22,16.1485714286,26.7,34.0,20.0,63.0,0
951,iq,2000,41,2000-10-14,0.1009167,31.1,298.474285714,300.285714286,294.592857143,291.9,21.9,81.5228571429,31.1,16.071428571400002,27.657142857100002,34.0,21.0,3.0,1
952,iq,2000,42,2000-10-21,0.27947140000000004,25.21,299.211428571,301.15,294.007142857,292.3,9.9,75.54,25.21,15.5285714286,27.775,36.0,21.0,45.2,1
953,iq,2000,43,2000-10-28,0.3258,49.25,299.541428571,301.1,294.708571429,291.9,23.3,76.94142857140001,49.25,16.1957142857,28.0,34.6,20.0,57.9,0
954,iq,2000,44,2000-11-04,0.2796167,67.64,299.44,300.821428571,295.27428571400003,292.4,20.2,79.4285714286,67.64,16.8685714286,27.6,35.5,21.1,7.1,0
955,iq,2000,45,2000-11-11,0.23186669999999998,51.83,300.74857142900004,301.80714285700003,295.28,294.3,19.2,74.8028571429,51.83,16.8471428571,28.175,35.2,21.5,13.5,0
956,iq,2000,46,2000-11-18,0.06418333,39.25,301.637142857,302.614285714,294.232857143,294.2,3.6,67.1857142857,39.25,15.88,29.025,36.4,21.7,0.0,0
957,iq,2000,47,2000-11-25,0.1709167,55.91,300.872857143,301.914285714,293.06,293.6,11.2,66.0428571429,55.91,14.7685714286,27.7,36.5,21.5,0.0,0
958,iq,2000,48,2000-12-02,0.3191,20.65,299.23,301.26428571400004,294.717142857,293.5,14.5,78.88571428569999,20.65,16.244285714300002,27.05,34.2,21.0,19.0,0
959,iq,2000,49,2000-12-09,0.18625,24.53,300.242857143,301.028571429,293.305714286,292.0,1.7,68.5571428571,24.53,14.9,28.0,34.0,22.0,0.8,0
960,iq,2000,50,2000-12-16,0.2977,111.06,298.757142857,300.342857143,294.52,291.9,48.76,80.4085714286,111.06,16.0985714286,26.616666666700002,33.8,21.0,67.2,1
961,iq,2000,51,2000-12-23,0.3022429,3.9,300.411428571,302.0,291.092857143,294.6,5.7,60.641428571400006,3.9,13.1885714286,28.2,35.0,21.0,0.0,0
962,iq,2001,1,2001-01-01,0.287,59.11,297.958571429,298.98571428599996,296.99,293.2,64.6,94.9557142857,59.11,18.6728571429,27.3333333333,33.3,21.8,38.9,0
963,iq,2001,2,2001-01-08,0.27399999999999997,69.85,298.044285714,299.414285714,294.345714286,292.5,22.98,82.3471428571,69.85,15.8585714286,27.0,33.2,20.7,59.9,0
964,iq,2001,3,2001-01-15,0.1767286,149.71,298.36857142900004,300.23571428599996,295.06142857099996,294.0,24.92,84.1757142857,149.71,16.6,27.05,33.0,20.5,52.0,0
965,iq,2001,4,2001-01-22,0.2314429,50.02,295.722857143,296.671428571,294.594285714,292.3,88.03,94.05714285709999,50.02,16.071428571400002,25.7166666667,31.2,20.0,166.9,0
966,iq,2001,5,2001-01-29,0.36907140000000005,87.18,295.297142857,296.1,294.411428571,292.2,80.95,95.40714285709998,87.18,15.86,26.4333333333,33.0,20.0,147.8,0
967,iq,2001,6,2001-02-05,0.2267,31.93,295.511428571,296.12857142900003,293.408571429,292.5,16.4,89.08,31.93,14.947142857100001,27.35,34.2,21.7,3.3,0
968,iq,2001,7,2001-02-12,0.1571,66.84,295.37,296.492857143,294.43857142900004,292.3,37.96,94.8842857143,66.84,15.93,26.3,33.0,21.0,83.1,0
969,iq,2001,8,2001-02-19,0.18404289999999998,16.17,296.07,296.978571429,294.73,290.6,34.18,92.84285714290002,16.17,16.2514285714,26.9333333333,33.2,21.0,38.1,0
970,iq,2001,9,2001-02-26,0.2912833,47.14,297.038571429,298.30714285700003,295.767142857,293.7,26.96,93.3142857143,47.14,17.3085714286,26.56,33.2,20.5,21.1,0
971,iq,2001,10,2001-03-05,0.2063286,118.07,297.61857142900004,298.69285714299997,296.46,294.8,83.89,94.09285714290002,118.07,18.0557142857,27.2,33.3,20.0,87.1,0
972,iq,2001,11,2001-03-12,0.2041286,74.34,296.79,298.12857142900003,295.544285714,292.8,195.2,94.0942857143,74.34,17.0657142857,27.05,34.2,20.0,39.9,0
973,iq,2001,12,2001-03-19,0.28414290000000003,90.35,298.701428571,299.75,295.157142857,293.2,32.6,82.80142857140001,90.35,16.7571428571,27.4333333333,34.1,20.0,70.8,0
974,iq,2001,13,2001-03-26,0.13225710000000002,94.06,296.852857143,297.6,296.078571429,292.8,304.52,95.9242857143,94.06,17.6685714286,27.05,34.2,20.0,80.0,0
975,iq,2001,14,2001-04-02,0.2584,86.46,296.305714286,297.828571429,295.695714286,292.9,91.43,96.7371428571,86.46,17.21,27.16,35.0,20.5,46.2,0
976,iq,2001,15,2001-04-09,0.37627140000000003,80.82,297.17571428599996,298.3,296.13,292.1,110.1,94.6028571429,80.82,17.6957142857,26.46,34.0,19.5,120.1,0
977,iq,2001,16,2001-04-16,0.4074857,77.73,297.062857143,298.15,295.98571428599996,292.8,120.32,94.6157142857,77.73,17.52,27.34,33.5,20.4,45.3,1
978,iq,2001,17,2001-04-23,0.2288,78.01,297.961428571,299.207142857,295.428571429,293.2,78.3,88.14857142860001,78.01,16.9685714286,27.633333333299998,34.3,21.0,14.9,0
979,iq,2001,18,2001-04-30,0.2625571,94.77,297.285714286,298.65,295.74,293.1,103.87,92.19285714290001,94.77,17.3057142857,27.625,35.2,20.5,51.0,0
980,iq,2001,19,2001-05-07,0.22732860000000002,45.56,297.135714286,298.2,296.332857143,292.1,85.9,95.82,45.56,17.891428571400002,26.6,32.7,21.4,66.0,0
981,iq,2001,20,2001-05-14,0.30348569999999997,74.08,297.297142857,298.30714285700003,296.99,294.7,80.3,98.34142857139999,74.08,18.64,26.6,32.5,21.4,0.0,0
982,iq,2001,21,2001-05-21,0.26852859999999995,70.81,296.922857143,297.957142857,295.827142857,293.0,53.1,94.71,70.81,17.3685714286,27.4333333333,34.2,20.5,64.1,1
983,iq,2001,22,2001-05-28,0.38744290000000003,90.07,296.845714286,298.0,295.18,291.8,20.3,91.4657142857,90.07,16.6942857143,27.25,34.8,20.5,32.0,1
984,iq,2001,23,2001-06-04,0.2467286,126.46,296.69142857099996,297.892857143,294.46,291.5,30.63,89.4871428571,126.46,15.968571428599999,26.866666666700002,34.0,19.8,17.0,0
985,iq,2001,24,2001-06-11,0.2173429,47.13,295.482857143,296.435714286,294.341428571,291.9,95.06,94.0171428571,47.13,15.7828571429,26.88,33.4,20.0,37.1,0
986,iq,2001,25,2001-06-18,0.11375710000000001,53.93,296.0,297.321428571,293.647142857,291.0,13.45,88.1714285714,53.93,15.1342857143,26.4,33.2,20.5,9.9,1
987,iq,2001,26,2001-06-25,0.3254143,1.22,294.845714286,296.0,290.57285714299996,288.4,1.82,79.3228571429,1.22,12.4642857143,26.4,32.3,17.1,31.0,0
988,iq,2001,27,2001-07-02,0.2421857,52.1,295.79571428599996,297.05,292.75285714299997,291.3,23.6,84.8571428571,52.1,14.2971428571,26.5,33.2,20.0,70.1,0
989,iq,2001,28,2001-07-09,0.43884290000000004,39.09,295.80857142900004,297.021428571,293.43857142900004,290.3,16.7,88.3228571429,39.09,14.9285714286,27.35,33.5,19.5,22.3,0
990,iq,2001,29,2001-07-16,0.3616333,52.05,297.555714286,298.928571429,294.11571428599996,291.1,18.0,84.2457142857,52.05,15.6057142857,26.7666666667,32.8,21.0,36.8,0
991,iq,2001,30,2001-07-23,0.3259857,54.52,296.815714286,298.221428571,294.991428571,292.0,38.29,90.8142857143,54.52,16.505714285699998,27.366666666700002,34.0,21.2,25.2,0
992,iq,2001,31,2001-07-30,0.1339,27.97,297.291428571,299.178571429,293.452857143,289.8,9.71,82.2257142857,27.97,14.985714285699999,26.52,34.0,18.4,10.9,0
993,iq,2001,32,2001-08-06,0.2043571,0.0,298.537142857,300.135714286,291.387142857,291.0,0.2,66.66428571430001,0.0,13.158571428599998,27.1,33.5,17.8,10.9,0
994,iq,2001,33,2001-08-13,0.3664571,5.14,298.395714286,299.785714286,292.02428571400003,292.0,0.0,69.4757142857,5.14,13.715714285699999,27.125,33.4,20.0,18.0,0
995,iq,2001,34,2001-08-20,0.2469143,9.97,298.44,299.814285714,294.017142857,291.7,30.1,78.3885714286,9.97,15.511428571400002,27.6,34.2,20.0,47.9,0
996,iq,2001,35,2001-08-27,0.2646429,47.58,298.75142857099996,300.51428571400004,293.72571428599997,293.0,16.9,76.9557142857,47.58,15.251428571400002,27.2,35.2,20.0,31.0,0
997,iq,2001,36,2001-09-03,0.3389429,44.45,298.69142857099996,300.521428571,294.905714286,291.7,39.8,81.9871428571,44.45,16.4371428571,27.375,34.3,20.8,35.1,0
998,iq,2001,37,2001-09-10,0.4290714,36.2,298.66571428599997,300.12142857099997,294.122857143,290.9,19.6,78.9571428571,36.2,15.658571428599998,27.375,35.2,20.1,41.9,0
999,iq,2001,38,2001-09-17,0.3530429,66.4,297.962857143,299.421428571,294.597142857,292.9,65.54,84.0328571429,66.4,16.1042857143,27.525,35.0,20.2,69.0,0
1000,iq,2001,39,2001-09-24,0.31977140000000004,26.48,298.707142857,300.907142857,294.29571428599996,291.7,21.9,79.3657142857,26.48,15.8942857143,27.25,33.4,20.3,13.2,0
1001,iq,2001,40,2001-10-01,0.4444,63.42,299.547142857,300.707142857,294.768571429,291.8,32.6,78.33,63.42,16.34,28.3,35.5,20.4,14.2,0
1002,iq,2001,41,2001-10-08,0.5460166999999999,58.75,299.158571429,300.285714286,293.812857143,290.8,12.3,74.4185714286,58.75,15.3271428571,28.525,36.8,21.8,30.9,0
1003,iq,2001,42,2001-10-15,0.3820571,77.89,300.30857142900004,302.2,294.214285714,292.4,49.2,72.1628571429,77.89,15.8728571429,27.633333333299998,36.7,20.0,159.0,0
1004,iq,2001,43,2001-10-22,0.2055714,77.15,298.58428571400003,300.071428571,296.607142857,293.9,114.36,90.2657142857,77.15,18.2671428571,28.0666666667,35.0,21.0,89.1,0
1005,iq,2001,44,2001-10-29,0.23199999999999998,83.53,298.341428571,299.507142857,295.305714286,292.0,46.46,85.5728571429,83.53,16.9585714286,27.64,35.8,21.5,76.0,0
1006,iq,2001,45,2001-11-05,0.3714,34.54,298.51428571400004,299.75,296.195714286,292.5,164.74,89.0042857143,34.54,17.821428571400002,27.525,34.4,21.3,35.1,0
1007,iq,2001,46,2001-11-12,0.29697140000000005,61.82,298.847142857,300.578571429,296.198571429,294.0,181.2,87.48142857139999,61.82,17.8,28.44,34.5,21.0,43.9,0
1008,iq,2001,47,2001-11-19,0.4415714,65.89,299.12,300.48571428599996,296.75285714299997,294.2,56.3,88.83714285709999,65.89,18.4514285714,27.575,33.7,20.8,31.0,1
1009,iq,2001,48,2001-11-26,0.3699167,47.46,298.555714286,299.635714286,295.81142857099996,294.4,31.5,87.3771428571,47.46,17.4271428571,28.2333333333,35.3,21.8,12.2,1
1010,iq,2001,49,2001-12-03,0.35047140000000004,46.86,298.754285714,300.221428571,295.981428571,294.6,158.5,87.24,46.86,17.595714285699998,28.425,35.5,21.2,23.1,1
1011,iq,2001,50,2001-12-10,0.3066429,138.22,298.245714286,299.592857143,297.5,293.9,72.94,96.1185714286,138.22,19.3057142857,27.84,35.0,21.0,75.0,2
1012,iq,2001,51,2001-12-17,0.1841286,43.95,298.564285714,299.678571429,297.211428571,295.1,85.9,93.94714285709999,43.95,18.9657142857,27.075,32.9,21.0,57.9,4
1013,iq,2001,52,2001-12-24,0.3417,100.72,298.238571429,299.35,297.511428571,294.7,109.64,96.3557142857,100.72,19.3028571429,27.35,33.3,22.0,25.1,1
1014,iq,2002,1,2002-01-01,0.3800143,70.16,297.13285714299997,297.87142857099997,296.06,292.5,109.8,94.5885714286,70.16,17.6185714286,27.95,33.2,23.0,45.3,4
1015,iq,2002,2,2002-01-08,0.3833333,64.79,300.012857143,301.271428571,294.912857143,294.8,5.5,76.6028571429,64.79,16.4828571429,28.9666666667,35.4,21.0,7.1,11
1016,iq,2002,3,2002-01-15,0.19764289999999998,22.77,299.877142857,300.907142857,294.60571428599997,291.8,4.7,75.2042857143,22.77,16.157142857100002,28.8,36.0,22.0,5.0,16
1017,iq,2002,4,2002-01-22,0.1419143,121.07,298.91571428599997,299.87857142900003,295.11,293.2,19.91,81.5271428571,121.07,16.6771428571,27.94,35.8,21.0,18.0,23
1018,iq,2002,5,2002-01-29,0.1419143,59.4,296.858571429,297.9,296.137142857,294.1,43.12,96.2671428571,59.4,17.69,26.3,32.5,20.8,120.2,12
1019,iq,2002,6,2002-02-05,0.1844286,4.68,295.912857143,296.69285714299997,295.231428571,292.0,69.96,96.6414285714,4.68,16.7228571429,26.625,34.0,20.8,70.4,14
1020,iq,2002,7,2002-02-12,0.37327140000000003,104.37,297.847142857,299.292857143,296.544285714,294.5,33.3,93.4385714286,104.37,18.1471428571,27.85,33.6,20.8,62.8,18
1021,iq,2002,8,2002-02-19,0.1251714,37.46,297.695714286,299.021428571,296.122857143,293.9,49.43,92.05,37.46,17.6871428571,27.02,33.5,21.0,14.0,8
1022,iq,2002,9,2002-02-26,0.2104143,80.14,297.062857143,298.19285714299997,296.51428571400004,294.5,201.2,97.15714285709998,80.14,18.1257142857,26.7,32.2,20.5,47.6,7
1023,iq,2002,10,2002-03-05,0.2973833,92.84,298.54,299.957142857,296.698571429,294.5,160.1,91.2214285714,92.84,18.3614285714,27.85,35.7,21.0,48.3,10
1024,iq,2002,11,2002-03-12,0.29923330000000004,41.96,298.358571429,300.15,296.238571429,293.8,46.9,89.7785714286,41.96,17.7957142857,26.95,34.5,21.6,9.1,7
1025,iq,2002,12,2002-03-19,0.2435143,61.18,297.951428571,299.242857143,296.81,294.1,92.4,94.16571428569999,61.18,18.4428571429,26.95,33.3,20.6,76.8,10
1026,iq,2002,13,2002-03-26,0.2284571,110.42,296.407142857,297.214285714,296.108571429,293.9,127.9,98.4571428571,110.42,17.68,26.1,32.3,20.7,49.0,5
1027,iq,2002,14,2002-04-02,0.2763286,94.01,297.174285714,298.064285714,296.741428571,294.5,122.3,97.77571428569999,94.01,18.3957142857,27.3,32.5,20.2,20.1,11
1028,iq,2002,15,2002-04-09,0.2662857,75.98,296.862857143,297.7,296.351428571,294.1,187.8,97.2442857143,75.98,17.93,26.3,31.4,20.8,13.0,8
1029,iq,2002,16,2002-04-16,0.19494289999999997,109.49,297.76428571400004,298.921428571,296.31,294.4,49.8,92.6157142857,109.49,17.935714285699998,27.2,34.6,20.3,13.0,18
1030,iq,2002,17,2002-04-23,0.26692859999999996,45.59,297.58428571400003,298.814285714,296.63142857099996,293.9,96.1,95.2514285714,45.59,18.2228571429,27.2666666667,33.3,21.7,53.9,13
1031,iq,2002,18,2002-04-30,0.2570714,60.05,297.408571429,298.55,296.222857143,292.8,52.6,93.8457142857,60.05,17.8071428571,27.2666666667,33.5,21.2,1.0,9
1032,iq,2002,19,2002-05-07,0.2101143,101.3,297.35571428599997,298.435714286,296.444285714,293.0,66.85,95.22,101.3,18.0242857143,27.5,34.0,21.3,25.4,22
1033,iq,2002,20,2002-05-14,0.1417,46.79,296.784285714,297.585714286,296.221428571,293.9,93.4,97.24285714290001,46.79,17.744285714300002,26.866666666700002,32.3,20.8,543.3,10
1034,iq,2002,21,2002-05-21,0.2222,51.25,297.05,298.62142857099997,296.02428571400003,292.7,32.3,94.80428571430001,51.25,17.5842857143,27.7,33.8,20.8,9.1,5
1035,iq,2002,22,2002-05-28,0.2386286,41.54,297.55714285700003,298.714285714,296.271428571,292.4,58.02,93.78857142860001,41.54,17.8228571429,26.325,32.3,20.8,146.7,13
1036,iq,2002,23,2002-06-04,0.3431857,72.76,296.267142857,297.085714286,295.23571428599996,291.5,19.12,94.3457142857,72.76,16.7742857143,27.3,34.3,20.7,28.0,2
1037,iq,2002,24,2002-06-11,0.39162859999999994,69.62,297.257142857,298.971428571,296.107142857,293.4,39.48,94.1442857143,69.62,17.6385714286,27.8,34.0,20.7,1.0,11
1038,iq,2002,25,2002-06-18,0.2252143,39.16,296.80714285700003,297.51428571400004,293.87142857099997,288.4,22.95,85.7371428571,39.16,15.4142857143,26.2333333333,33.0,18.8,31.0,11
1039,iq,2002,26,2002-06-25,0.2132857,3.18,295.80857142900004,296.907142857,292.147142857,290.0,14.1,82.1671428571,3.18,13.87,26.15,32.6,18.6,7.1,3
1040,iq,2002,27,2002-07-02,0.07624286,3.27,294.635714286,294.892857143,291.794285714,287.4,6.2,85.5657142857,3.27,13.454285714300001,26.275,32.6,20.7,5.1,7
1041,iq,2002,28,2002-07-09,0.2129714,5.71,295.88285714299997,297.035714286,292.95,291.2,8.7,85.6728571429,5.71,14.4642857143,26.133333333299998,32.3,20.3,26.3,7
1042,iq,2002,29,2002-07-16,0.11797139999999999,63.0,296.44285714299997,297.742857143,293.327142857,290.6,8.3,84.6685714286,63.0,14.818571428599999,25.4,30.1,20.1,0.0,4
1043,iq,2002,30,2002-07-23,0.34647140000000004,65.55,296.875714286,298.3,293.422857143,288.3,12.41,83.4971428571,65.55,14.93,27.8,33.6,19.5,68.1,5
1044,iq,2002,31,2002-07-30,0.2830571,89.93,297.161428571,298.728571429,294.624285714,292.8,23.33,87.0342857143,89.93,16.0757142857,26.7,33.8,19.3,35.6,6
1045,iq,2002,32,2002-08-06,0.3378429,14.34,296.79571428599996,298.642857143,292.674285714,289.1,5.44,80.47,14.34,14.2457142857,27.25,34.0,20.2,0.0,7
1046,iq,2002,33,2002-08-13,0.3608429,9.81,298.304285714,299.335714286,291.678571429,290.8,1.7,69.06,9.81,13.441428571400001,27.8333333333,35.1,20.6,7.1,7
1047,iq,2002,34,2002-08-20,0.3092667,31.71,296.184285714,296.73571428599996,292.451428571,288.8,5.61,82.1414285714,31.71,14.045714285699999,27.8333333333,33.1,20.8,70.6,4
1048,iq,2002,35,2002-08-27,0.3224714,38.8,298.412857143,299.98571428599996,293.874285714,291.6,10.7,77.7657142857,38.8,15.4128571429,27.4,35.1,20.9,24.1,9
1049,iq,2002,36,2002-09-03,0.19088570000000002,81.85,299.395714286,300.678571429,294.531428571,293.9,13.1,77.0828571429,81.85,16.0342857143,27.4,33.3,21.7,17.0,17
1050,iq,2002,37,2002-09-10,0.1907714,25.36,299.015714286,300.207142857,293.211428571,290.0,3.2,73.1414285714,25.36,14.7457142857,28.2333333333,35.9,19.9,89.9,8
1051,iq,2002,38,2002-09-17,0.38387140000000003,11.49,300.32,301.042857143,292.271428571,291.8,0.8,64.6885714286,11.49,13.9742857143,28.9,36.6,21.5,0.8,22
1052,iq,2002,39,2002-09-24,0.3200429,38.56,299.238571429,301.114285714,294.414285714,291.5,41.1,79.5628571429,38.56,16.18,27.9,36.0,20.4,86.9,18
1053,iq,2002,40,2002-10-01,0.27417140000000007,70.98,299.654285714,301.23571428599996,293.814285714,291.8,24.1,74.25,70.98,15.6342857143,29.2,37.7,21.7,74.2,21
1054,iq,2002,41,2002-10-08,0.24593330000000002,70.22,298.717142857,300.55,295.661428571,293.4,34.4,85.1371428571,70.22,17.211428571400003,28.075,34.6,21.8,79.8,16
1055,iq,2002,42,2002-10-15,0.2277143,21.96,298.297142857,299.714285714,295.585714286,292.1,40.7,86.9985714286,21.96,17.185714285699998,28.0,34.2,22.0,4.5,31
1056,iq,2002,43,2002-10-22,0.2229429,48.94,297.331428571,298.15,294.961428571,292.5,35.4,87.71714285709999,48.94,16.49,27.95,36.0,21.8,167.8,25
1057,iq,2002,44,2002-10-29,0.31592859999999995,89.77,298.518571429,300.242857143,296.9,294.9,39.7,91.94428571430001,89.77,18.6028571429,27.95,34.1,22.5,34.1,28
1058,iq,2002,45,2002-11-05,0.3642857,95.47,297.537142857,298.657142857,296.637142857,293.9,124.2,95.2857142857,95.47,18.2671428571,28.3,33.8,22.6,63.9,26
1059,iq,2002,46,2002-11-12,0.1620286,91.36,297.16571428599997,298.021428571,296.32285714299996,293.9,91.33,96.04714285709998,91.36,17.907142857100002,27.6,33.6,21.4,212.6,18
1060,iq,2002,47,2002-11-19,0.2982667,61.69,297.375714286,298.828571429,296.781428571,294.4,85.8,96.84,61.69,18.4157142857,27.35,33.5,21.7,77.0,27
1061,iq,2002,48,2002-11-26,0.2563286,60.15,298.35,299.892857143,297.07285714299996,292.0,56.92,93.3957142857,60.15,18.7842857143,28.1,34.0,22.0,17.2,11
1062,iq,2002,49,2002-12-03,0.34832859999999993,49.69,298.32428571400004,299.657142857,296.48571428599996,294.3,49.2,90.66285714290001,49.69,18.1057142857,28.5,33.7,22.9,46.0,38
1063,iq,2002,50,2002-12-10,0.1850714,35.02,297.88428571400004,298.95,296.39,294.2,30.89,92.61428571430001,35.02,18.0042857143,27.65,34.0,22.9,57.2,29
1064,iq,2002,51,2002-12-17,0.2090286,25.73,297.81857142900003,299.05714285700003,296.627142857,294.8,24.3,93.8457142857,25.73,18.2614285714,27.98,34.0,23.3,24.0,21
1065,iq,2002,52,2002-12-24,0.18958570000000002,151.73,297.872857143,299.171428571,296.63,293.8,54.7,93.40857142860001,151.73,18.2357142857,27.975,33.8,21.9,137.9,11
1066,iq,2003,1,2003-01-01,0.31842859999999995,46.91,299.375714286,300.821428571,295.87142857099997,293.1,28.3,84.06,46.91,17.4528571429,28.45,34.4,22.4,92.9,10
1067,iq,2003,2,2003-01-08,0.4697,11.77,297.684285714,299.171428571,295.944285714,291.5,33.6,91.56,11.77,17.497142857100002,28.9333333333,35.0,22.1,35.1,5
1068,iq,2003,3,2003-01-15,0.3012857,60.46,296.92,298.614285714,295.901428571,293.4,27.9,94.3742857143,60.46,17.43,28.0,33.3,22.5,164.4,6
1069,iq,2003,4,2003-01-22,0.2895,84.05,298.125714286,299.564285714,295.00142857099996,291.6,8.8,84.46,84.05,16.5142857143,28.4,34.2,23.0,67.1,2
1070,iq,2003,5,2003-01-29,0.1834429,35.05,299.487142857,300.242857143,294.012857143,292.5,6.26,74.8842857143,35.05,15.5928571429,28.6,35.4,22.5,7.9,1
1071,iq,2003,6,2003-02-05,0.15671429999999997,56.36,297.218571429,298.4,296.218571429,292.0,170.6,94.55285714290001,56.36,17.8528571429,26.6,33.8,22.4,41.9,2
1072,iq,2003,7,2003-02-12,0.28647140000000004,70.63,296.585714286,297.671428571,295.52,293.2,38.7,94.3542857143,70.63,17.0157142857,26.75,33.2,22.4,55.9,2
1073,iq,2003,8,2003-02-19,0.13371429999999998,25.03,298.567142857,300.1,296.392857143,292.5,41.1,89.97428571430001,25.03,18.02,26.75,32.4,23.3,121.9,3
1074,iq,2003,9,2003-02-26,0.2072833,132.2,299.35,300.51428571400004,296.41,294.4,53.6,86.0128571429,132.2,18.0442857143,29.4,35.0,22.9,0.0,5
1075,iq,2003,10,2003-03-05,0.1851429,63.71,297.508571429,298.892857143,295.94285714299997,294.3,134.46,92.4685714286,63.71,17.5,27.95,32.9,22.9,5.0,1
1076,iq,2003,11,2003-03-12,0.1636286,47.97,296.68,297.635714286,295.94142857099996,292.4,186.8,96.1714285714,47.97,17.5157142857,26.7,32.0,22.1,98.4,4
1077,iq,2003,12,2003-03-19,0.2485,109.04,297.892857143,299.171428571,296.63285714299997,293.4,362.03,93.62857142860001,109.04,18.252857142899998,27.6,33.5,22.7,61.9,2
1078,iq,2003,13,2003-03-26,0.2059143,93.61,298.64428571400003,300.392857143,296.81857142900003,294.3,44.5,91.5942857143,93.61,18.4842857143,30.8,42.2,21.8,75.9,4
1079,iq,2003,14,2003-04-02,0.2886857,89.38,298.077142857,299.642857143,296.642857143,292.9,44.72,93.0142857143,89.38,18.2785714286,28.26,34.2,22.6,75.0,0
1080,iq,2003,15,2003-04-09,0.2087857,78.59,298.082857143,298.971428571,297.358571429,293.9,86.23,96.27,78.59,19.0785714286,28.175,34.5,22.9,79.0,0
1081,iq,2003,16,2003-04-16,0.2621429,51.14,296.74714285700003,297.521428571,295.99,293.2,43.85,95.99285714290001,51.14,17.5342857143,27.72,34.2,22.4,49.0,0
1082,iq,2003,17,2003-04-23,0.2931,77.34,297.992857143,299.478571429,296.50142857099996,293.4,56.6,92.54714285709998,77.34,18.1557142857,28.2,33.9,21.8,82.9,0
1083,iq,2003,18,2003-04-30,0.3348429,65.43,296.69142857099996,297.585714286,296.16,294.0,247.6,97.27714285709999,65.43,17.6885714286,27.2,32.9,22.7,105.9,1
1084,iq,2003,19,2003-05-07,0.1477,138.05,296.45428571400004,297.964285714,295.70428571400004,292.9,59.5,96.14,138.05,17.2228571429,28.35,33.6,23.4,69.0,1
1085,iq,2003,20,2003-05-14,0.2688857,84.16,294.922857143,295.242857143,294.567142857,290.1,95.3,98.13285714290001,84.16,16.0857142857,27.0,32.5,22.0,246.2,1
1086,iq,2003,21,2003-05-21,0.17074289999999998,23.7,295.87857142900003,296.835714286,295.035714286,291.6,34.56,95.8542857143,23.7,16.5157142857,27.4666666667,32.5,22.3,145.8,1
1087,iq,2003,22,2003-05-28,0.2544571,166.52,297.648571429,298.971428571,296.08,293.3,113.8,92.46142857139999,166.52,17.6185714286,27.7,35.0,22.4,187.9,1
1088,iq,2003,23,2003-06-04,0.2074,70.25,296.591428571,297.757142857,296.127142857,294.2,40.7,97.61714285709999,70.25,17.6514285714,27.2,33.4,22.4,72.1,2
1089,iq,2003,24,2003-06-11,0.2809143,98.72,296.837142857,297.80714285700003,296.11714285700003,292.8,61.8,96.22285714290001,98.72,17.6685714286,27.7,33.2,21.6,107.0,3
1090,iq,2003,25,2003-06-18,0.2723143,47.15,296.008571429,296.757142857,293.978571429,291.0,5.56,90.04857142860001,47.15,15.4771428571,27.525,33.5,21.8,40.4,4
1091,iq,2003,26,2003-06-25,0.1928,88.88,295.387142857,296.357142857,294.542857143,291.8,38.1,95.5757142857,88.88,15.985714285699999,26.95,32.7,21.9,93.5,6
1092,iq,2003,27,2003-07-02,0.2584286,61.09,295.12857142900003,295.992857143,294.037142857,291.7,42.5,94.1271428571,61.09,15.511428571400002,25.866666666700002,33.8,21.7,79.3,2
1093,iq,2003,28,2003-07-09,0.1611,53.58,296.94285714299997,298.30714285700003,294.154285714,291.4,13.55,86.6557142857,53.58,15.6185714286,27.075,33.2,20.7,1.5,2
1094,iq,2003,29,2003-07-16,0.2314714,65.2,296.79,298.171428571,293.642857143,287.3,27.06,85.6114285714,65.2,15.2971428571,27.6666666667,33.4,17.4,23.8,5
1095,iq,2003,30,2003-07-23,0.2774571,2.64,296.48571428599996,298.042857143,291.85,289.2,6.39,77.80428571430001,2.64,13.558571428599999,26.4666666667,32.1,18.0,9.9,1
1096,iq,2003,31,2003-07-30,0.2188143,24.64,296.82285714299996,298.357142857,293.184285714,291.2,12.0,82.27,24.64,14.6857142857,27.225,32.4,21.3,69.1,1
1097,iq,2003,32,2003-08-06,0.2323,89.28,297.658571429,298.55,293.04571428599996,290.8,6.5,77.8614285714,89.28,14.5842857143,27.85,34.2,21.3,117.0,0
1098,iq,2003,33,2003-08-13,0.2638,52.47,297.338571429,298.271428571,294.11857142900004,291.3,21.0,83.9271428571,52.47,15.588571428599998,27.4,34.4,21.7,79.0,0
1099,iq,2003,34,2003-08-20,0.38552859999999994,45.38,297.36571428599996,298.857142857,293.511428571,292.0,35.1,81.9428571429,45.38,15.01,27.75,34.0,20.0,18.3,0
1100,iq,2003,35,2003-08-27,0.2652143,29.51,297.875714286,299.671428571,294.932857143,291.2,18.03,85.7257142857,29.51,16.4457142857,28.0,34.4,21.4,95.7,0
1101,iq,2003,36,2003-09-03,0.2659857,8.84,297.38142857099996,298.44285714299997,290.97,289.1,33.5,70.9285714286,8.84,12.947142857100001,26.65,33.9,18.5,0.8,2
1102,iq,2003,37,2003-09-10,0.2701857,36.42,298.831428571,300.19285714299997,293.92714285700004,292.0,6.0,76.5328571429,36.42,15.447142857100001,27.8333333333,34.3,21.0,53.1,0
1103,iq,2003,38,2003-09-17,0.3851571,55.73,296.948571429,297.707142857,293.684285714,288.2,115.2,85.03,55.73,15.3114285714,27.8,35.3,16.8,92.3,3
1104,iq,2003,39,2003-09-24,0.3920429,100.55,298.14428571400003,299.292857143,295.737142857,293.0,53.36,88.11714285709999,100.55,17.2628571429,28.0333333333,34.7,21.8,27.2,0
1105,iq,2003,40,2003-10-01,0.2321714,74.6,299.357142857,300.7,295.828571429,292.9,253.3,83.6828571429,74.6,17.4514285714,28.575,35.5,21.8,34.5,0
1106,iq,2003,41,2003-10-08,0.23492860000000002,38.3,297.91571428599997,299.885714286,296.312857143,292.5,42.5,92.16571428569999,38.3,17.9142857143,27.2,35.7,22.3,138.2,0
1107,iq,2003,42,2003-10-15,0.2871143,44.16,298.162857143,299.35,296.201428571,293.8,34.6,90.34285714290002,44.16,17.7971428571,28.3,34.4,22.9,36.0,2
1108,iq,2003,43,2003-10-22,0.4324429,39.52,298.957142857,300.678571429,296.224285714,294.6,41.2,87.37,39.52,17.8957142857,27.975,34.5,20.7,32.1,2
1109,iq,2003,44,2003-10-29,0.12127139999999999,32.47,300.041428571,300.842857143,295.29571428599996,292.3,6.1,77.7842857143,32.47,16.8728571429,28.7333333333,35.5,22.8,56.4,3
1110,iq,2003,45,2003-11-05,0.4190429,105.14,298.135714286,299.957142857,295.74,292.3,85.3,88.48,105.14,17.39,27.6,34.0,21.9,139.7,3
1111,iq,2003,46,2003-11-12,0.3244714,31.08,298.36714285700003,300.171428571,295.645714286,290.9,36.4,86.7557142857,31.08,17.2928571429,28.5,35.5,20.8,79.0,3
1112,iq,2003,47,2003-11-19,0.3012571,123.63,298.68142857099997,300.107142857,296.72571428599997,294.8,40.8,90.88285714290001,123.63,18.378571428599997,27.9,36.0,22.4,284.4,1
1113,iq,2003,48,2003-11-26,0.29532859999999994,81.27,299.222857143,299.607142857,296.53,294.3,51.4,86.9957142857,81.27,18.27,28.3,34.7,22.0,26.2,2
1114,iq,2003,49,2003-12-03,0.3696429,72.23,298.315714286,299.73571428599996,296.135714286,293.5,77.83,89.2071428571,72.23,17.7457142857,28.7666666667,35.1,22.0,138.0,3
1115,iq,2003,50,2003-12-10,0.3588,108.62,298.685714286,300.25,297.338571429,294.8,178.89,93.23142857139999,108.62,19.1071428571,28.4,34.2,22.5,47.4,6
1116,iq,2003,51,2003-12-17,0.13631429999999997,64.95,298.168571429,299.542857143,296.851428571,294.1,65.04,93.91714285709999,64.95,18.5328571429,28.3,34.8,22.1,66.8,5
1117,iq,2003,52,2003-12-24,0.26477779999999995,49.42,296.297142857,297.05,295.682857143,294.3,82.68,96.93714285709999,49.42,17.1728571429,27.3,33.1,22.3,185.7,1
1118,iq,2004,1,2004-01-01,0.18795710000000002,49.42,296.297142857,297.05,295.682857143,294.3,82.68,96.93714285709999,49.42,17.1728571429,27.3,33.1,22.3,185.7,4
1119,iq,2004,2,2004-01-08,0.25901430000000003,78.53,297.437142857,298.742857143,296.637142857,294.9,55.3,95.7942857143,78.53,18.255714285699998,27.4333333333,34.2,22.4,137.2,5
1120,iq,2004,3,2004-01-15,0.34024,63.47,297.75285714299997,298.957142857,297.02,294.5,62.5,96.12857142860001,63.47,18.7128571429,28.7,34.1,23.1,68.1,8
1121,iq,2004,4,2004-01-22,0.3441143,29.23,299.62,300.828571429,295.89,293.6,19.4,82.4671428571,29.23,17.4914285714,28.7333333333,34.6,21.8,20.1,5
1122,iq,2004,5,2004-01-29,0.2055429,4.65,300.9,302.15,292.832857143,293.2,1.6,65.2842857143,4.65,14.548571428599999,28.925,35.6,22.3,0.0,2
1123,iq,2004,6,2004-02-05,0.1172,13.2,299.902857143,301.37142857099997,293.988571429,293.2,9.0,72.9271428571,13.2,15.5671428571,29.2,36.4,20.6,24.1,3
1124,iq,2004,7,2004-02-12,0.30482859999999995,24.83,298.27,299.55,295.64,294.8,33.46,86.7657142857,24.83,17.1742857143,27.925,33.3,22.8,13.4,3
1125,iq,2004,8,2004-02-19,0.2225143,39.06,298.081428571,299.75,295.642857143,292.6,34.5,87.7185714286,39.06,17.2085714286,26.6,35.5,22.0,8.6,1
1126,iq,2004,9,2004-02-26,0.3000286,125.04,297.88285714299997,299.435714286,296.348571429,294.3,83.27,93.0128571429,125.04,17.95,27.4666666667,34.4,20.6,18.9,6
1127,iq,2004,10,2004-03-04,0.1935714,52.08,297.981428571,299.428571429,296.455714286,293.2,49.36,92.5614285714,52.08,18.0942857143,28.4,34.5,22.3,79.0,4
1128,iq,2004,11,2004-03-11,0.3110429,80.33,296.777142857,297.521428571,296.06857142900003,293.5,76.75,96.28857142860001,80.33,17.61,28.0,33.5,22.5,24.1,1
1129,iq,2004,12,2004-03-18,0.34652859999999996,137.83,297.887142857,299.535714286,296.62142857099997,292.9,75.16,93.62857142860001,137.83,18.2485714286,28.3,34.3,21.7,187.2,2
1130,iq,2004,13,2004-03-25,0.29015,120.1,297.312857143,298.2,296.607142857,294.0,76.2,96.23857142860001,120.1,18.2371428571,28.65,34.0,23.6,142.6,3
1131,iq,2004,14,2004-04-01,0.1294333,101.22,297.202857143,298.26428571400004,296.815714286,293.8,88.9,97.9414285714,101.22,18.47,28.0666666667,33.9,22.7,2.0,1
1132,iq,2004,15,2004-04-08,0.3612714,47.26,297.812857143,298.978571429,297.17571428599996,294.2,135.4,96.4985714286,47.26,18.8257142857,27.65,33.1,22.3,4.0,8
1133,iq,2004,16,2004-04-15,0.1882286,61.8,298.217142857,299.65,296.637142857,292.9,54.89,92.32,61.8,18.3085714286,28.0333333333,33.6,21.7,36.9,4
1134,iq,2004,17,2004-04-22,0.25494290000000003,113.62,297.78,298.51428571400004,296.771428571,293.9,90.3,94.78857142860001,113.62,18.4085714286,28.0,34.5,22.5,39.6,6
1135,iq,2004,18,2004-04-29,0.32662859999999994,65.82,297.127142857,297.828571429,296.708571429,293.6,133.17,97.8085714286,65.82,18.34,27.5333333333,32.9,22.6,148.5,7
1136,iq,2004,19,2004-05-06,0.12253330000000001,83.93,297.798571429,299.12857142900003,296.835714286,293.1,56.52,95.1157142857,83.93,18.5114285714,27.2333333333,33.3,22.0,97.0,5
1137,iq,2004,20,2004-05-13,0.1769,34.81,296.414285714,297.214285714,295.27,292.6,45.5,93.8971428571,34.81,16.7785714286,27.3,33.0,19.5,91.8,8
1138,iq,2004,21,2004-05-20,0.2483167,173.45,297.602857143,299.178571429,295.82,292.0,83.0,91.6271428571,173.45,17.4014285714,26.65,34.2,22.5,296.9,6
1139,iq,2004,22,2004-05-27,0.1023286,35.43,297.305714286,298.328571429,295.958571429,291.7,42.6,93.5757142857,35.43,17.5,26.65,33.3,20.5,28.2,5
1140,iq,2004,23,2004-06-03,0.1106143,88.62,296.767142857,297.821428571,295.697142857,292.8,36.63,94.69285714290001,88.62,17.2128571429,27.5,32.8,19.8,203.0,6
1141,iq,2004,24,2004-06-10,0.2119714,85.28,295.57428571400004,296.25,294.99,293.0,51.89,96.8757142857,85.28,16.42,26.8,32.0,20.9,87.9,6
1142,iq,2004,25,2004-06-17,0.3255143,94.52,296.20428571400004,297.321428571,294.705714286,292.1,24.5,92.37142857139999,94.52,16.1385714286,25.9,33.3,21.5,43.2,13
1143,iq,2004,26,2004-06-24,0.1970429,32.95,295.63428571400004,296.814285714,293.86,289.8,25.9,90.44714285709999,32.95,15.3128571429,25.075,32.1,18.6,98.5,2
1144,iq,2004,27,2004-07-01,0.19675710000000002,46.39,296.151428571,297.585714286,295.041428571,291.8,50.7,94.6685714286,46.39,16.5142857143,25.9,30.9,21.1,170.1,10
1145,iq,2004,28,2004-07-08,0.33554290000000003,83.94,296.61714285700003,298.085714286,294.814285714,291.8,18.67,90.9057142857,83.94,16.252857142899998,26.55,32.0,21.8,43.2,3
1146,iq,2004,29,2004-07-15,0.1532429,48.09,297.50142857099996,298.935714286,294.358571429,291.4,24.76,85.1585714286,48.09,15.86,26.8,33.1,20.5,31.0,12
1147,iq,2004,30,2004-07-22,0.2849857,53.78,296.812857143,298.114285714,294.99714285700003,291.8,25.42,90.92857142860001,53.78,16.48,26.3,32.1,21.9,103.1,7
1148,iq,2004,31,2004-07-29,0.2542571,85.96,296.017142857,297.292857143,294.471428571,291.7,27.62,92.52714285709999,85.96,15.975714285699999,26.3,32.9,19.4,6.0,6
1149,iq,2004,32,2004-08-05,0.2375571,29.82,297.517142857,298.964285714,293.14428571400003,291.0,3.9,79.7185714286,29.82,14.694285714300001,26.3,34.0,18.3,55.1,5
1150,iq,2004,33,2004-08-12,0.2957,18.44,296.53,297.635714286,292.222857143,288.1,4.1,79.2357142857,18.44,13.8242857143,26.3,31.3,20.0,0.5,6
1151,iq,2004,34,2004-08-19,0.3885143,23.78,297.82,299.98571428599996,293.421428571,290.2,7.9,78.4814285714,23.78,14.9614285714,26.3,31.3,21.7,0.5,6
1152,iq,2004,35,2004-08-26,0.2997857,42.86,298.142857143,299.80714285700003,294.567142857,291.1,23.2,83.1728571429,42.86,16.0771428571,26.3,32.8,20.4,0.0,6
1153,iq,2004,36,2004-09-02,0.2845857,147.32,297.771428571,299.37857142900003,294.988571429,291.7,41.89,86.54,147.32,16.4842857143,27.1,32.0,20.9,195.1,8
1154,iq,2004,37,2004-09-09,0.1174857,46.58,298.457142857,300.51428571400004,296.11571428599996,294.7,35.7,88.74285714290001,46.58,17.67,27.4,34.3,23.0,23.2,6
1155,iq,2004,38,2004-09-16,0.32515,36.64,297.721428571,299.064285714,295.88,293.3,59.5,91.2,36.64,17.44,27.1666666667,33.0,20.4,87.3,9
1156,iq,2004,39,2004-09-23,0.33252859999999995,48.68,298.62857142900003,299.971428571,294.38285714299997,292.4,6.9,79.5571428571,48.68,15.9014285714,28.0,34.7,18.8,20.1,12
1157,iq,2004,40,2004-09-30,0.3283857,85.69,299.17,300.914285714,296.11571428599996,293.8,70.02,84.8071428571,85.69,17.711428571400003,28.65,35.5,21.8,40.1,19
1158,iq,2004,41,2004-10-07,0.2577429,52.27,297.56857142900003,298.742857143,295.314285714,292.7,39.9,88.8257142857,52.27,16.8242857143,26.975,33.0,20.6,27.9,8
1159,iq,2004,42,2004-10-14,0.3553429,65.25,298.05714285700003,299.26428571400004,296.86714285700003,293.3,51.6,94.16,65.25,18.5471428571,28.55,34.5,21.4,120.6,16
1160,iq,2004,43,2004-10-21,0.22355709999999998,35.61,299.428571429,300.921428571,296.29571428599996,292.8,23.1,85.0657142857,35.61,17.9014285714,27.7,35.6,22.4,13.0,21
1161,iq,2004,44,2004-10-28,0.31977140000000004,74.01,298.44142857099996,299.94285714299997,295.907142857,292.2,48.5,87.87,74.01,17.5371428571,27.4,35.8,21.3,89.9,6
1162,iq,2004,45,2004-11-04,0.36567140000000004,91.63,299.504285714,300.785714286,296.178571429,294.3,67.0,84.8271428571,91.63,17.8057142857,28.35,34.9,21.8,101.4,22
1163,iq,2004,46,2004-11-11,0.3742,74.68,297.168571429,297.707142857,296.484285714,292.4,53.9,96.3542857143,74.68,18.121428571400003,27.2,33.7,22.4,184.2,37
1164,iq,2004,47,2004-11-18,0.2095571,74.08,299.418571429,301.23571428599996,296.097142857,293.6,26.8,84.6114285714,74.08,17.7385714286,28.25,35.8,22.5,107.4,33
1165,iq,2004,48,2004-11-25,0.2191286,71.98,297.958571429,299.2,297.02,293.6,56.8,95.2514285714,71.98,18.7142857143,28.0,35.3,22.6,77.0,18
1166,iq,2004,49,2004-12-02,0.24108569999999999,53.01,299.17714285700004,300.37857142900003,296.44,293.3,36.83,87.13,53.01,18.11,27.9,34.1,22.4,64.0,83
1167,iq,2004,50,2004-12-09,0.3359,70.04,297.787142857,298.835714286,296.57428571400004,294.5,91.0,93.9385714286,70.04,18.2071428571,27.9,34.1,22.4,9.9,116
1168,iq,2004,51,2004-12-16,0.2363571,49.56,298.701428571,300.035714286,296.385714286,293.8,38.0,88.78,49.56,18.04,28.375,34.0,22.6,128.3,32
1169,iq,2004,52,2004-12-23,0.3162,109.83,298.404285714,299.657142857,297.122857143,294.8,29.79,93.25285714290001,109.83,18.8557142857,27.8,33.3,22.6,100.8,7
1170,iq,2005,53,2005-01-01,0.3162,109.83,298.404285714,299.657142857,297.122857143,294.8,29.79,93.25285714290001,109.83,18.8557142857,27.8,33.3,22.6,100.8,9
1171,iq,2005,1,2005-01-08,0.2704,70.6,298.162857143,300.007142857,296.712857143,293.5,61.61,93.0057142857,70.6,18.37,28.5,33.2,23.0,74.9,10
1172,iq,2005,2,2005-01-15,0.3156286,93.73,297.662857143,298.842857143,296.727142857,291.6,96.21,95.53,93.73,18.4085714286,28.4,34.2,22.5,232.1,5
1173,iq,2005,3,2005-01-22,0.33797140000000003,60.52,300.06857142900003,301.564285714,296.58,295.0,26.7,83.3,60.52,18.2585714286,28.866666666700002,35.5,22.5,194.0,8
1174,iq,2005,4,2005-01-29,0.2806857,25.67,299.648571429,301.107142857,296.93142857099997,294.9,42.24,87.31285714290001,25.67,18.6457142857,28.866666666700002,35.1,22.1,0.0,7
1175,iq,2005,5,2005-02-05,0.1266,88.96,299.06142857099996,300.828571429,296.907142857,295.3,47.3,89.4271428571,88.96,18.6357142857,28.525,35.4,22.2,3.8,8
1176,iq,2005,6,2005-02-12,0.22835709999999998,52.61,296.75285714299997,297.69285714299997,295.995714286,294.2,56.8,95.97714285709999,52.61,17.5757142857,27.4666666667,32.8,21.4,70.4,11
1177,iq,2005,7,2005-02-19,0.18068570000000003,125.35,298.027142857,299.164285714,297.221428571,294.5,189.06,95.7485714286,125.35,18.9471428571,27.5,32.3,22.3,350.9,6
1178,iq,2005,8,2005-02-26,0.2109,46.98,298.29571428599996,299.285714286,296.542857143,294.4,39.6,91.57714285709999,46.98,18.2014285714,28.65,35.2,22.4,84.1,7
1179,iq,2005,9,2005-03-05,0.2771,54.22,298.158571429,299.392857143,297.04571428599996,294.4,44.51,94.40142857139999,54.22,18.731428571400002,28.2666666667,33.8,23.3,19.0,7
1180,iq,2005,10,2005-03-12,0.1464286,155.54,297.957142857,298.685714286,297.528571429,295.6,201.4,97.68714285709999,155.54,19.2742857143,26.8,34.8,23.4,8.6,14
1181,iq,2005,11,2005-03-19,0.20995709999999998,162.51,297.314285714,298.678571429,295.85,291.9,21.7,92.2671428571,162.51,17.3985714286,28.7,33.8,22.5,146.1,7
1182,iq,2005,12,2005-03-26,0.23542860000000002,99.37,298.37,299.828571429,296.25142857099996,294.7,32.8,89.82,99.37,17.82,27.72,33.4,22.5,108.8,9
1183,iq,2005,13,2005-04-02,0.3666571,55.12,297.37,298.585714286,296.088571429,293.0,67.5,93.8014285714,55.12,17.6242857143,28.25,34.3,20.8,73.9,13
1184,iq,2005,14,2005-04-09,0.2446571,87.41,297.708571429,299.0,296.23571428599996,292.4,68.0,92.41714285709999,87.41,17.8928571429,28.1,33.8,21.6,71.1,16
1185,iq,2005,15,2005-04-16,0.1824286,40.03,297.701428571,298.464285714,297.202857143,295.0,90.2,97.3228571429,40.03,18.8857142857,27.65,32.9,22.5,3.6,7
1186,iq,2005,16,2005-04-23,0.19626670000000002,37.6,297.437142857,298.19285714299997,296.961428571,294.0,178.2,97.3814285714,37.6,18.5971428571,28.85,34.0,22.7,105.6,9
1187,iq,2005,17,2005-04-30,0.2017714,78.8,297.92714285700004,298.864285714,297.402857143,294.1,54.9,97.16285714290001,78.8,19.1528571429,28.6,33.8,23.7,14.5,2
1188,iq,2005,18,2005-05-07,0.1880571,33.29,297.33,298.435714286,296.575714286,293.3,64.1,95.93714285709999,33.29,18.1814285714,25.8,33.5,21.0,13.0,13
1189,iq,2005,19,2005-05-14,0.1930667,49.07,298.684285714,299.721428571,296.341428571,293.6,54.89,88.2942857143,49.07,17.94,27.9,34.6,21.0,28.0,8
1190,iq,2005,20,2005-05-21,0.2297429,56.22,297.532857143,298.342857143,296.352857143,293.6,49.1,93.9185714286,56.22,17.9571428571,27.9,33.2,23.6,95.9,3
1191,iq,2005,21,2005-05-28,0.24745709999999999,43.14,299.005714286,300.614285714,295.804285714,294.0,21.1,84.6585714286,43.14,17.407142857100002,27.4,33.6,22.4,37.9,5
1192,iq,2005,22,2005-06-04,0.36124290000000003,61.75,298.434285714,299.478571429,295.678571429,292.7,34.92,86.70142857139999,61.75,17.2,27.4,33.9,20.9,78.9,4
1193,iq,2005,23,2005-06-11,0.11854289999999999,40.44,297.304285714,298.48571428599996,296.227142857,293.7,51.0,94.59285714290002,40.44,17.788571428599997,27.1,32.4,22.0,19.5,8
1194,iq,2005,24,2005-06-18,0.26512859999999994,104.83,297.377142857,298.62142857099997,295.32,293.4,29.01,89.19428571430001,104.83,16.8242857143,27.6666666667,33.3,22.0,73.7,2
1195,iq,2005,25,2005-06-25,0.2604571,50.88,297.857142857,299.05714285700003,294.64428571400003,291.9,11.0,84.4671428571,50.88,16.1685714286,27.35,32.8,22.4,89.2,3
1196,iq,2005,26,2005-07-02,0.2271714,23.6,296.82,298.492857143,294.408571429,292.4,26.6,88.38714285709999,23.6,15.8771428571,26.8333333333,33.7,20.8,92.0,5
1197,iq,2005,27,2005-07-09,0.2214,43.24,297.86571428599996,299.421428571,294.528571429,290.4,23.91,84.6928571429,43.24,16.038571428599997,27.8,34.5,21.6,40.9,7
1198,iq,2005,28,2005-07-16,0.4413429,109.71,296.988571429,297.592857143,292.23,288.3,8.7,77.3728571429,109.71,13.9285714286,27.8,34.2,17.6,167.1,3
1199,iq,2005,29,2005-07-23,0.1472571,27.33,297.794285714,298.928571429,292.455714286,287.5,8.9,75.6971428571,27.33,14.191428571400001,26.55,33.8,18.2,0.0,5
1200,iq,2005,30,2005-07-30,0.3653143,42.32,296.898571429,298.01428571400004,293.75,290.1,15.3,84.2385714286,42.32,15.26,21.4,32.3,18.5,71.1,6
1201,iq,2005,31,2005-08-06,0.2740143,0.0,298.221428571,299.728571429,293.035714286,292.6,8.64,75.5714285714,0.0,14.6085714286,26.25,32.3,19.2,0.0,5
1202,iq,2005,32,2005-08-13,0.239,38.17,298.92571428599996,300.335714286,293.64,293.5,1.99,74.8557142857,38.17,15.15,27.325,33.5,19.8,36.6,5
1203,iq,2005,33,2005-08-20,0.2924857,17.85,299.60571428599997,300.428571429,291.778571429,290.7,6.0,64.6585714286,17.85,13.59,27.325,32.8,17.3,69.6,4
1204,iq,2005,34,2005-08-27,0.3005,69.62,298.428571429,299.678571429,294.945714286,292.9,15.82,83.8542857143,69.62,16.44,27.75,35.0,20.3,127.0,0
1205,iq,2005,35,2005-09-03,0.3801167,12.81,298.184285714,299.37142857099997,293.918571429,292.4,11.0,79.6471428571,12.81,15.4285714286,26.8,35.2,21.4,37.0,0
1206,iq,2005,36,2005-09-10,0.3091429,36.98,300.05857142900004,301.214285714,294.005714286,293.4,4.2,71.9714285714,36.98,15.5185714286,26.8,35.2,21.8,44.0,0
1207,iq,2005,37,2005-09-17,0.2276,18.66,298.88,299.80714285700003,295.658571429,292.9,35.3,83.73,18.66,17.2228571429,26.8,35.2,21.8,1.3,0
1208,iq,2005,38,2005-09-24,0.2124833,2.56,298.49857142900004,299.76428571400004,293.555714286,292.4,13.7,76.5957142857,2.56,15.06,25.7666666667,34.3,16.9,38.1,0
1209,iq,2005,39,2005-10-01,0.4210857,29.8,301.17571428599996,302.928571429,293.75285714299997,294.8,4.2,67.2128571429,29.8,15.331428571400002,28.65,37.1,20.7,38.1,2
1210,iq,2005,40,2005-10-08,0.3210429,54.7,299.11,300.25,293.897142857,292.1,4.6,74.9528571429,54.7,15.4357142857,28.8,36.3,21.0,80.8,4
1211,iq,2005,41,2005-10-15,0.3522714,60.0,299.515714286,300.857142857,294.385714286,293.2,22.2,75.50857142859999,60.0,15.9157142857,28.5,37.0,22.3,233.2,4
1212,iq,2005,42,2005-10-22,0.28695709999999996,73.97,299.578571429,301.19285714299997,295.768571429,291.9,35.08,81.69142857140001,73.97,17.4171428571,29.1,36.5,21.7,64.0,3
1213,iq,2005,43,2005-10-29,0.3261429,100.06,298.065714286,299.164285714,295.802857143,294.0,59.7,89.14285714290001,100.06,17.3642857143,28.3,34.3,21.3,235.2,3
1214,iq,2005,44,2005-11-05,0.1789571,59.15,299.458571429,301.478571429,296.805714286,294.9,49.85,87.23142857139999,59.15,18.55,28.2333333333,34.3,21.8,102.1,5
1215,iq,2005,45,2005-11-12,0.4103714,75.36,298.6,300.078571429,296.36,292.9,143.8,89.31,75.36,17.974285714300002,28.2333333333,34.6,22.3,8.9,6
1216,iq,2005,46,2005-11-19,0.47314290000000003,49.87,298.31,300.092857143,296.895714286,295.0,45.0,93.1771428571,49.87,18.5828571429,27.6,34.5,21.5,139.5,14
1217,iq,2005,47,2005-11-26,0.24008569999999999,72.34,299.412857143,300.62857142900003,297.39428571400003,295.2,63.53,90.34857142860001,72.34,19.1942857143,28.5,35.0,21.8,5.1,3
1218,iq,2005,48,2005-12-03,0.4171286,78.52,299.42,300.45,296.612857143,294.1,34.95,86.40857142860001,78.52,18.3042857143,28.2666666667,34.3,21.7,77.9,7
1219,iq,2005,49,2005-12-10,0.2992714,60.5,299.217142857,300.707142857,296.657142857,295.4,71.8,87.7214285714,60.5,18.3642857143,28.1,34.8,21.5,54.1,11
1220,iq,2005,50,2005-12-17,0.247,46.91,298.57428571400004,300.257142857,297.187142857,295.4,46.9,92.9571428571,46.91,18.9457142857,28.1,34.0,22.3,6.0,2
1221,iq,2005,51,2005-12-24,0.1383714,151.0,298.021428571,299.37142857099997,297.19142857099996,295.5,113.36,95.6742857143,151.0,18.9157142857,28.3,33.6,22.9,81.1,6
1222,iq,2006,52,2006-01-01,0.2563333,114.58,298.18142857099997,299.578571429,296.935714286,294.9,210.5,93.82142857139999,114.58,18.5842857143,27.45,32.7,22.4,273.5,8
1223,iq,2006,1,2006-01-08,0.2155,38.78,298.832857143,299.642857143,292.87857142900003,292.4,15.2,73.16142857140001,38.78,14.524285714300001,27.45,34.5,19.7,70.1,25
1224,iq,2006,2,2006-01-15,0.23035,138.46,298.728571429,300.3,296.37142857099997,293.5,47.6,88.33571428569999,138.46,18.1657142857,27.78,34.5,21.4,60.1,21
1225,iq,2006,3,2006-01-22,0.1944286,88.85,298.46,300.114285714,296.321428571,295.0,52.2,89.9557142857,88.85,17.9414285714,27.78,33.8,21.5,54.8,10
1226,iq,2006,4,2006-01-29,0.1607833,49.32,297.18857142900004,298.292857143,295.777142857,294.4,52.2,93.11428571430001,49.32,17.3642857143,27.3,33.5,22.3,250.9,28
1227,iq,2006,5,2006-02-05,0.37157140000000005,34.17,297.16571428599997,298.221428571,296.647142857,294.3,63.98,97.32,34.17,18.2642857143,27.3,33.7,21.5,118.9,39
1228,iq,2006,6,2006-02-12,0.2583143,71.87,297.64,298.37857142900003,296.80857142900004,294.0,67.0,95.82714285709999,71.87,18.4428571429,28.0,32.6,23.6,101.1,20
1229,iq,2006,7,2006-02-19,0.2856,44.35,297.064285714,298.142857143,295.364285714,292.8,33.0,91.09857142860001,44.35,16.9271428571,28.6,33.8,24.2,0.0,24
1230,iq,2006,8,2006-02-26,0.14478570000000002,23.44,298.93857142900004,300.778571429,295.961428571,292.9,72.2,86.0314285714,23.44,17.6057142857,28.24,34.3,21.3,0.3,28
1231,iq,2006,9,2006-03-05,0.12828330000000002,79.13,298.25285714299997,299.87142857099997,296.76428571400004,295.1,50.38,92.6057142857,79.13,18.4014285714,27.4333333333,32.9,21.9,26.9,26
1232,iq,2006,10,2006-03-12,0.3158571,94.99,297.92571428599996,299.107142857,297.207142857,294.7,130.6,96.36,94.99,18.9028571429,28.0,33.3,21.9,93.0,8
1233,iq,2006,11,2006-03-19,0.1712714,121.69,297.93142857099997,299.007142857,296.581428571,294.5,58.83,93.3471428571,121.69,18.2,27.975,33.7,22.4,16.0,9
1234,iq,2006,12,2006-03-26,0.2236429,120.62,297.494285714,298.785714286,296.29571428599996,292.5,70.0,93.7871428571,120.62,17.911428571400002,27.4,32.3,23.0,97.0,12
1235,iq,2006,13,2006-04-02,0.18166670000000001,121.46,298.04,299.23571428599996,297.067142857,294.8,88.81,95.0242857143,121.46,18.7342857143,28.3,33.7,22.0,53.9,18
1236,iq,2006,14,2006-04-09,0.2833143,41.68,297.77428571400003,299.44285714299997,296.047142857,293.8,87.9,91.8114285714,41.68,17.61,27.9333333333,33.7,22.6,178.1,9
1237,iq,2006,15,2006-04-16,0.2626857,75.33,297.825714286,298.814285714,296.965714286,292.9,66.46,95.51,75.33,18.7142857143,28.3,33.9,21.4,49.0,9
1238,iq,2006,16,2006-04-23,0.2849429,69.6,298.06142857099996,299.178571429,296.457142857,293.9,54.86,92.1114285714,69.6,18.0828571429,27.4,32.8,22.5,11.9,6
1239,iq,2006,17,2006-04-30,0.1393714,74.93,296.85,297.707142857,295.051428571,291.7,39.6,90.86428571430001,74.93,16.5585714286,27.0,33.5,19.5,34.0,6
1240,iq,2006,18,2006-05-07,0.1137286,65.07,297.63,299.021428571,296.38428571400004,293.6,38.84,93.63571428569999,65.07,17.9628571429,27.85,33.3,22.5,115.0,8
1241,iq,2006,19,2006-05-14,0.28745709999999997,127.24,296.184285714,297.55714285700003,295.452857143,291.8,70.0,96.09857142860001,127.24,16.9771428571,24.3,32.3,21.7,270.9,5
1242,iq,2006,20,2006-05-21,0.37457140000000005,1.52,296.054285714,296.914285714,290.088571429,287.2,0.1,72.0342857143,1.52,12.111428571400001,25.2,31.7,19.4,2.0,7
1243,iq,2006,21,2006-05-28,0.17007139999999998,91.4,297.992857143,299.114285714,293.777142857,288.8,12.47,80.38571428569999,91.4,15.46,27.4666666667,34.0,21.7,83.0,6
1244,iq,2006,22,2006-06-04,0.09775,79.48,295.987142857,297.171428571,294.55714285700003,291.3,44.65,92.5057142857,79.48,16.025714285699998,25.6,31.9,19.3,150.2,5
1245,iq,2006,23,2006-06-11,0.2586143,130.66,297.044285714,298.564285714,295.695714286,292.3,37.6,93.4757142857,130.66,17.1957142857,26.2,33.0,21.5,105.2,3
1246,iq,2006,24,2006-06-18,0.1680429,84.99,297.42714285700004,298.135714286,294.75,290.3,21.5,87.2142857143,84.99,16.2585714286,28.1,34.4,21.4,79.5,1
1247,iq,2006,25,2006-06-25,0.22146,71.69,296.724285714,297.978571429,294.275714286,289.5,27.29,88.4714285714,71.69,15.8014285714,26.6,32.5,20.4,74.9,0
1248,iq,2006,26,2006-07-02,0.30462859999999997,17.21,296.851428571,297.614285714,293.517142857,289.2,9.16,83.4671428571,17.21,15.02,27.2,33.4,19.8,21.9,1
1249,iq,2006,27,2006-07-09,0.2326857,20.72,296.448571429,297.914285714,294.592857143,292.6,13.62,90.4328571429,20.72,16.005714285699998,26.7,33.0,21.7,110.6,2
1250,iq,2006,28,2006-07-16,0.2949167,1.17,297.62142857099997,298.857142857,292.832857143,292.1,1.8,77.27142857140001,1.17,14.4171428571,26.25,33.1,20.6,0.5,3
1251,iq,2006,29,2006-07-23,0.3211286,54.72,297.397142857,299.085714286,294.258571429,291.8,40.0,85.14,54.72,15.7885714286,27.4,34.1,19.9,47.0,2
1252,iq,2006,30,2006-07-30,0.2859,28.66,297.504285714,298.742857143,293.26,289.7,15.4,79.7428571429,28.66,14.88,26.6,32.6,18.5,11.4,2
1253,iq,2006,31,2006-08-06,0.20155710000000002,44.96,297.51,299.342857143,295.2,292.7,38.07,88.7071428571,44.96,16.7071428571,27.225,34.2,19.7,4.0,2
1254,iq,2006,32,2006-08-13,0.3809857,11.79,297.5,299.51428571400004,293.08,291.0,12.39,79.2428571429,11.79,14.6314285714,27.6,33.9,19.4,26.6,2
1255,iq,2006,33,2006-08-20,0.3337,47.74,298.648571429,300.635714286,295.54571428599996,294.6,22.19,84.62,47.74,17.0657142857,27.6666666667,33.3,20.9,75.5,2
1256,iq,2006,34,2006-08-27,0.2427571,68.6,298.73571428599996,299.73571428599996,295.14428571400003,292.5,23.6,83.0471428571,68.6,16.6914285714,27.3,34.9,20.9,71.1,4
1257,iq,2006,35,2006-09-03,0.39481669999999996,68.0,298.28,299.9,295.272857143,293.1,22.24,85.3728571429,68.0,16.7771428571,26.5,33.2,20.3,176.0,0
1258,iq,2006,36,2006-09-10,0.2834143,90.33,299.265714286,300.35,293.902857143,290.2,9.4,75.53,90.33,15.457142857100001,27.42,34.1,20.6,15.3,6
1259,iq,2006,37,2006-09-17,0.25855,111.87,297.802857143,299.164285714,293.037142857,291.9,16.4,77.2542857143,111.87,14.642857142899999,28.35,35.0,17.8,0.5,3
1260,iq,2006,38,2006-09-24,0.30757140000000005,82.2,299.34,300.857142857,294.35,291.5,35.7,77.5142857143,82.2,15.91,27.9333333333,34.8,21.4,93.9,2
1261,iq,2006,39,2006-10-01,0.4934429,134.64,299.38142857099996,300.685714286,295.738571429,294.3,44.62,82.8457142857,134.64,17.2542857143,28.5666666667,35.2,22.0,63.0,6
1262,iq,2006,40,2006-10-08,0.3139167,60.48,299.465714286,300.435714286,295.16,292.0,24.8,80.49,60.48,16.7385714286,28.7,35.9,21.1,68.9,2
1263,iq,2006,41,2006-10-15,0.15461429999999998,41.69,299.345714286,301.028571429,296.75142857099996,293.8,29.5,86.8528571429,41.69,18.4471428571,28.06,33.7,22.1,162.6,7
1264,iq,2006,42,2006-10-22,0.3337571,103.77,299.648571429,301.01428571400004,297.76428571400004,295.7,55.5,90.37857142860001,103.77,19.595714285699998,28.6,35.4,22.8,8.1,4
1265,iq,2006,43,2006-10-29,0.37882859999999996,55.94,298.794285714,300.414285714,296.661428571,294.0,54.8,89.7,55.94,18.3114285714,27.56,33.8,19.8,143.3,6
1266,iq,2006,44,2006-11-05,0.3247857,67.5,300.467142857,301.87857142900003,296.88285714299997,295.1,42.73,82.9342857143,67.5,18.63,28.8333333333,35.7,22.0,14.0,6
1267,iq,2006,45,2006-11-12,0.27699999999999997,80.25,299.432857143,300.914285714,297.852857143,295.3,68.0,92.0885714286,80.25,19.731428571400002,28.25,33.9,22.4,108.7,2
1268,iq,2006,46,2006-11-19,0.24702860000000001,86.65,297.29571428599996,298.435714286,296.201428571,293.5,87.2,94.44,86.65,17.7914285714,27.6,33.2,21.8,85.6,13
1269,iq,2006,47,2006-11-26,0.3283857,43.59,298.098571429,299.55714285700003,296.961428571,294.7,61.43,94.30285714290001,43.59,18.6385714286,27.0,32.3,22.5,205.3,10
1270,iq,2006,48,2006-12-03,0.1557286,75.33,299.197142857,300.935714286,296.988571429,294.0,61.28,89.55,75.33,18.744285714300002,27.9,34.9,22.9,115.1,5
1271,iq,2006,49,2006-12-10,0.4276,99.89,298.202857143,299.2,297.608571429,294.6,95.02,96.7957142857,99.89,19.4257142857,28.4,33.7,23.2,10.9,2
1272,iq,2006,50,2006-12-17,0.4147857,157.75,298.158571429,299.071428571,297.351428571,294.2,63.0,95.8757142857,157.75,19.1114285714,28.4,33.8,23.2,10.9,0
1273,iq,2006,51,2006-12-24,0.35295,111.48,297.68,298.98571428599996,296.72571428599997,294.3,80.2,95.0785714286,111.48,18.358571428599998,28.4,32.9,23.5,10.9,1
1274,iq,2007,1,2007-01-01,0.1324,79.94,297.288571429,298.207142857,296.517142857,293.2,88.9,95.9271428571,79.94,18.1442857143,26.6,31.9,21.5,133.4,0
1275,iq,2007,2,2007-01-08,0.2379571,37.06,297.104285714,298.578571429,296.388571429,294.6,144.59,96.23857142860001,37.06,17.9628571429,26.825,31.7,22.9,61.5,14
1276,iq,2007,3,2007-01-15,0.2523,126.89,297.387142857,298.435714286,296.388571429,293.3,52.2,94.6471428571,126.89,17.9757142857,27.775,33.4,22.2,178.0,6
1277,iq,2007,4,2007-01-22,0.3068571,95.47,297.614285714,298.45,297.025714286,294.9,180.99,96.99714285709999,95.47,18.6885714286,27.7,33.6,22.0,149.9,10
1278,iq,2007,5,2007-01-29,0.20031429999999997,83.7,298.14428571400003,299.614285714,296.77428571400003,294.3,65.1,93.13571428569999,83.7,18.4142857143,27.725,35.0,22.3,60.3,5
1279,iq,2007,6,2007-02-05,0.4429286,61.8,298.33,299.685714286,295.77,293.4,11.7,87.53,61.8,17.3228571429,28.6,35.4,22.4,9.9,12
1280,iq,2007,7,2007-02-12,0.31957140000000006,14.19,299.171428571,300.285714286,294.15,291.4,2.1,75.80428571430001,14.19,15.6857142857,28.85,36.7,21.4,61.3,9
1281,iq,2007,8,2007-02-19,0.2372286,25.7,300.565714286,302.178571429,294.16571428599997,294.4,11.55,72.44571428569999,25.7,15.918571428599998,28.74,36.2,21.2,0.0,5
1282,iq,2007,9,2007-02-26,0.16591670000000003,55.56,299.05857142900004,300.635714286,294.29,291.5,35.33,78.58571428569999,55.56,16.02,28.56,35.8,20.4,28.0,11
1283,iq,2007,10,2007-03-05,0.2275286,117.07,297.45,298.714285714,296.317142857,293.4,227.25,94.34857142860001,117.07,17.911428571400002,27.3,33.0,21.9,205.3,2
1284,iq,2007,11,2007-03-12,0.2926143,55.47,296.951428571,298.1,296.301428571,293.8,51.3,96.52285714290001,55.47,17.8814285714,28.0,33.1,21.7,138.0,6
1285,iq,2007,12,2007-03-19,0.22182860000000001,150.33,297.684285714,298.728571429,295.89,292.6,59.2,90.8585714286,150.33,17.47,27.0,33.9,21.7,252.7,7
1286,iq,2007,13,2007-03-26,0.2591857,93.14,297.835714286,299.15,296.56,292.8,58.4,93.58571428569999,93.14,18.2142857143,28.25,34.6,21.5,66.1,6
1287,iq,2007,14,2007-04-02,0.2738,97.04,297.717142857,298.80714285700003,296.921428571,294.3,238.2,95.82,97.04,18.5942857143,27.2666666667,34.0,22.6,94.3,5
1288,iq,2007,15,2007-04-09,0.1575571,98.94,297.555714286,298.592857143,296.68857142900004,292.4,147.57,95.52714285709999,98.94,18.3285714286,27.85,34.4,21.3,60.4,9
1289,iq,2007,16,2007-04-16,0.2743143,93.62,297.031428571,298.092857143,296.01428571400004,292.0,46.45,94.7214285714,93.62,17.551428571400002,27.4,33.5,22.1,97.1,5
1290,iq,2007,17,2007-04-23,0.3006,157.86,297.342857143,298.278571429,296.50285714299997,292.9,62.3,95.52571428569999,157.86,18.1042857143,27.0333333333,34.1,22.0,261.7,8
1291,iq,2007,18,2007-04-30,0.1730857,103.39,297.22571428599997,298.071428571,295.94285714299997,293.6,47.24,93.47,103.39,17.5171428571,27.85,33.0,21.0,118.2,3
1292,iq,2007,19,2007-05-07,0.2322714,89.15,296.905714286,298.221428571,295.994285714,291.7,56.1,95.0371428571,89.15,17.6114285714,28.1,33.5,21.5,38.1,4
1293,iq,2007,20,2007-05-14,0.22907139999999998,45.23,295.595714286,296.5,294.012857143,290.7,86.9,91.83285714290001,45.23,15.648571428599999,28.1,32.5,19.0,191.4,11
1294,iq,2007,21,2007-05-21,0.3496857,64.11,297.232857143,298.707142857,296.168571429,292.5,65.6,94.8528571429,64.11,17.7185714286,28.25,33.8,21.7,86.6,5
1295,iq,2007,22,2007-05-28,0.06474286,76.68,296.178571429,297.185714286,294.038571429,286.9,29.1,89.28,76.68,15.74,24.7,32.8,17.5,61.8,8
1296,iq,2007,23,2007-06-04,0.23385709999999998,39.11,296.861428571,298.242857143,295.23,292.1,33.48,91.72,39.11,16.7271428571,26.5,31.3,20.4,0.5,4
1297,iq,2007,24,2007-06-11,0.30122859999999996,54.78,296.65,298.171428571,294.928571429,290.3,30.9,91.45857142860001,54.78,16.3885714286,26.6,32.6,20.7,12.9,3
1298,iq,2007,25,2007-06-18,0.1659,78.83,296.11857142900004,297.385714286,294.971428571,292.8,70.3,94.0657142857,78.83,16.4228571429,25.9666666667,32.0,21.2,126.0,1
1299,iq,2007,26,2007-06-25,0.1292571,11.41,296.571428571,298.01428571400004,295.178571429,292.7,22.8,92.6714285714,11.41,16.6314285714,26.5666666667,31.7,20.7,10.2,2
1300,iq,2007,27,2007-07-02,0.20994290000000002,1.59,296.828571429,298.114285714,292.17714285700004,290.2,1.4,78.0742857143,1.59,13.8042857143,25.9,32.0,19.6,10.2,3
1301,iq,2007,28,2007-07-09,0.3513,18.78,297.385714286,299.007142857,293.93142857099997,290.7,13.04,83.3871428571,18.78,15.4157142857,26.75,32.7,19.9,54.1,4
1302,iq,2007,29,2007-07-16,0.3648429,26.29,296.05857142900004,296.75,294.94142857099996,291.1,39.52,94.24714285709999,26.29,16.391428571400002,26.5333333333,31.3,20.9,22.9,1
1303,iq,2007,30,2007-07-23,0.4225,27.91,297.64,299.078571429,294.345714286,290.1,11.64,84.1557142857,27.91,15.8457142857,27.35,33.2,20.7,11.9,8
1304,iq,2007,31,2007-07-30,0.4898714,70.88,296.724285714,297.935714286,293.0,290.0,25.5,82.5714285714,70.88,14.718571428599999,24.25,34.0,16.4,55.9,5
1305,iq,2007,32,2007-08-06,0.2669571,35.77,297.82,299.342857143,292.708571429,289.7,6.08,76.61857142859999,35.77,14.3371428571,26.475,32.7,17.2,30.3,3
1306,iq,2007,33,2007-08-13,0.19645710000000002,36.78,298.091428571,298.94285714299997,294.07285714299996,291.8,9.21,80.9357142857,36.78,15.565714285699999,26.9,33.1,21.3,76.5,2
1307,iq,2007,34,2007-08-20,0.3687143,9.06,298.785714286,300.671428571,294.195714286,294.3,12.4,79.33428571430001,9.06,15.7571428571,27.125,33.3,19.9,22.1,7
1308,iq,2007,35,2007-08-27,0.3737429,30.26,300.667142857,301.592857143,293.124285714,293.4,12.8,67.7571428571,30.26,14.7942857143,27.05,34.7,19.9,0.0,1
1309,iq,2007,36,2007-09-03,0.3280571,76.28,297.098571429,298.357142857,295.682857143,293.5,56.85,92.65714285709998,76.28,17.182857142899998,26.3,34.0,20.9,37.1,6
1310,iq,2007,37,2007-09-10,0.3393,49.85,298.56,300.12142857099997,295.162857143,293.0,26.2,84.4128571429,49.85,16.65,26.9,32.9,21.4,150.9,7
1311,iq,2007,38,2007-09-17,0.4172,58.22,298.508571429,300.714285714,295.83428571400003,293.3,34.27,86.7071428571,58.22,17.3671428571,27.2,33.0,21.6,16.3,5
1312,iq,2007,39,2007-09-24,0.3128,59.79,299.698571429,301.428571429,295.3,292.7,10.3,78.5642857143,59.79,16.8042857143,27.8333333333,34.1,21.1,34.0,2
1313,iq,2007,40,2007-10-01,0.29347140000000005,37.28,298.281428571,299.821428571,296.287142857,294.7,73.33,89.8442857143,37.28,17.84,28.4,35.5,21.6,107.9,6
1314,iq,2007,41,2007-10-08,0.4381286,39.09,299.575714286,301.385714286,295.447142857,294.8,38.28,80.45,39.09,17.01,28.4,34.2,21.8,145.1,11
1315,iq,2007,42,2007-10-15,0.2383857,74.52,299.444285714,300.828571429,296.587142857,295.0,86.4,86.7057142857,74.52,18.2657142857,29.0,35.2,21.9,4.1,6
1316,iq,2007,43,2007-10-22,0.4229,106.73,296.971428571,298.19285714299997,295.96,291.9,67.93,94.7814285714,106.73,17.5428571429,26.9,32.1,20.9,79.3,3
1317,iq,2007,44,2007-10-29,0.2469143,51.28,297.83,299.664285714,296.978571429,293.7,67.47,95.59285714290002,51.28,18.6728571429,27.0,34.0,21.6,0.0,11
1318,iq,2007,45,2007-11-05,0.33112859999999994,69.88,299.478571429,300.55714285700003,296.24857142900004,294.3,50.6,84.85,69.88,17.9785714286,28.7,34.8,22.5,22.1,11
1319,iq,2007,46,2007-11-12,0.1853,109.5,298.13428571400004,299.742857143,296.83,294.6,103.3,93.55428571430001,109.5,18.5485714286,27.675,33.5,21.6,111.3,5
1320,iq,2007,47,2007-11-19,0.1996714,52.27,297.68142857099997,298.37142857099997,296.93857142900004,294.3,124.2,96.2142857143,52.27,18.6128571429,26.62,33.3,21.8,80.0,4
1321,iq,2007,48,2007-11-26,0.18191429999999997,129.33,297.88,299.328571429,297.217142857,294.4,65.57,96.52285714290001,129.33,18.9242857143,27.125,32.3,22.4,293.1,9
1322,iq,2007,49,2007-12-03,0.3498429,73.16,298.52,299.607142857,296.904285714,294.3,57.8,91.6542857143,73.16,18.6071428571,27.9,33.0,22.8,142.0,23
1323,iq,2007,50,2007-12-10,0.29374290000000003,83.39,299.048571429,300.271428571,296.261428571,294.3,42.68,86.7557142857,83.39,17.91,28.85,34.2,22.6,23.1,28
1324,iq,2007,51,2007-12-17,0.23671430000000002,146.13,297.141428571,298.242857143,296.397142857,293.3,89.72,96.0742857143,146.13,18.0342857143,27.625,32.9,22.4,261.3,26
1325,iq,2007,52,2007-12-24,0.23082220000000003,53.57,297.64,298.728571429,296.36857142900004,294.3,62.14,93.4685714286,53.57,17.9828571429,27.7,32.1,21.7,28.1,7
1326,iq,2008,1,2008-01-01,0.1872429,19.95,299.277142857,300.535714286,294.668571429,294.1,21.4,78.67,19.95,16.26,28.275,36.0,21.5,28.1,29
1327,iq,2008,2,2008-01-08,0.4697286,71.84,296.095714286,296.535714286,295.2,293.3,62.61,95.28,71.84,16.6814285714,25.8,31.4,22.6,104.4,58
1328,iq,2008,3,2008-01-15,0.1699714,95.97,298.034285714,299.478571429,297.09,292.4,63.92,94.9685714286,95.97,18.8657142857,27.4333333333,33.8,21.8,125.3,26
1329,iq,2008,4,2008-01-22,0.29567140000000003,102.59,297.207142857,298.342857143,296.25,294.8,93.43,95.1257142857,102.59,17.84,27.4333333333,31.3,21.9,46.3,38
1330,iq,2008,5,2008-01-29,0.40297140000000004,110.0,298.398571429,299.971428571,297.011428571,294.2,66.0,93.0,110.0,18.685714285699998,27.5666666667,32.2,22.8,121.2,35
1331,iq,2008,6,2008-02-05,0.1860714,38.72,299.49,300.76428571400004,294.62857142900003,293.5,28.0,78.13142857140001,38.72,16.2842857143,27.866666666700002,34.5,20.5,5.1,37
1332,iq,2008,7,2008-02-12,0.17342860000000002,47.23,297.77,299.171428571,296.922857143,294.8,103.22,95.7071428571,47.23,18.5571428571,26.6,31.7,22.1,9.2,20
1333,iq,2008,8,2008-02-19,0.1874429,122.64,297.095714286,298.321428571,295.608571429,292.9,33.9,92.37,122.64,17.13,28.0,33.4,22.0,115.3,29
1334,iq,2008,9,2008-02-26,0.38787140000000003,101.33,296.964285714,297.721428571,296.38142857099996,294.1,70.83,96.9271428571,101.33,17.9471428571,26.85,32.5,22.5,127.6,25
1335,iq,2008,10,2008-03-04,0.2008429,210.83,297.754285714,299.335714286,295.52,293.3,39.1,88.97285714290001,210.83,17.064285714300002,27.18,33.3,21.9,119.6,23
1336,iq,2008,11,2008-03-11,0.15065710000000002,96.05,298.017142857,299.592857143,295.9,293.0,32.17,89.26857142860001,96.05,17.505714285699998,26.25,33.2,22.2,64.4,9
1337,iq,2008,12,2008-03-18,0.20007139999999998,91.87,296.755714286,297.992857143,295.47571428599997,293.3,90.5,93.45142857139999,91.87,16.997142857100002,26.25,31.7,22.0,100.9,3
1338,iq,2008,13,2008-03-25,0.3773143,62.13,297.094285714,297.992857143,295.948571429,293.1,53.36,94.0742857143,62.13,17.5071428571,26.9,31.7,22.6,282.7,6
1339,iq,2008,14,2008-04-01,0.2151571,107.0,297.694285714,298.842857143,295.854285714,293.7,24.9,90.9571428571,107.0,17.4214285714,27.866666666700002,33.4,22.5,21.1,6
1340,iq,2008,15,2008-04-08,0.30282859999999995,71.45,297.537142857,298.9,296.63285714299997,292.8,99.96,95.15714285709998,71.45,18.3157142857,28.3,32.8,21.0,53.1,3
1341,iq,2008,16,2008-04-15,0.32875709999999997,79.74,297.447142857,298.664285714,295.935714286,293.8,45.96,92.1242857143,79.74,17.5042857143,26.8,33.6,21.7,61.0,1
1342,iq,2008,17,2008-04-22,0.28307140000000003,42.05,296.76,297.414285714,296.38285714299997,293.7,62.52,97.9714285714,42.05,17.9642857143,26.65,33.0,21.6,85.9,3
1343,iq,2008,18,2008-04-29,0.11784289999999999,42.12,298.07285714299996,299.414285714,296.741428571,293.1,115.99,93.66285714290001,42.12,18.3985714286,27.866666666700002,32.5,22.7,31.2,1
1344,iq,2008,19,2008-05-06,0.1345571,50.5,295.97571428599997,296.87142857099997,294.66571428599997,290.6,47.1,93.15857142860001,50.5,16.18,26.6,32.4,20.6,18.0,1
1345,iq,2008,20,2008-05-13,0.2255857,30.08,294.85,295.421428571,293.244285714,288.5,18.08,91.5042857143,30.08,14.78,26.1666666667,31.0,18.0,6.1,0
1346,iq,2008,21,2008-05-20,0.1994714,45.69,296.268571429,296.935714286,295.638571429,291.7,59.4,96.62142857139999,45.69,17.1442857143,26.35,31.5,21.4,58.2,2
1347,iq,2008,22,2008-05-27,0.1033143,72.04,296.741428571,297.69285714299997,295.994285714,293.8,134.66,96.02571428569999,72.04,17.52,27.2,32.3,21.7,76.1,1
1348,iq,2008,23,2008-06-03,0.1336143,30.09,296.4,297.357142857,295.21,292.2,73.01,93.9828571429,30.09,16.711428571400003,26.9,31.1,20.4,13.6,1
1349,iq,2008,24,2008-06-10,0.29195709999999997,13.27,296.187142857,297.364285714,293.891428571,288.2,12.9,88.81,13.27,15.375714285699999,26.9,31.1,17.8,6.4,0
1350,iq,2008,25,2008-06-17,0.2452143,111.18,296.742857143,297.65,295.934285714,293.8,57.87,95.86,111.18,17.4471428571,26.9,31.1,21.0,79.8,0
1351,iq,2008,26,2008-06-24,0.2656143,89.88,296.458571429,297.25,295.19285714299997,291.2,61.8,93.7957142857,89.88,16.7128571429,26.9,31.1,18.0,93.5,1
1352,iq,2008,27,2008-07-01,0.2558143,0.0,296.542857143,297.80714285700003,293.83,290.7,9.4,86.5242857143,0.0,15.2857142857,26.9,31.1,20.8,1.3,0
1353,iq,2008,28,2008-07-08,0.13288570000000002,0.0,296.54571428599996,297.478571429,293.594285714,290.5,7.47,85.6557142857,0.0,15.08,26.9,31.1,21.0,0.0,3
1354,iq,2008,29,2008-07-15,0.1984286,62.84,296.078571429,297.407142857,294.69142857099996,291.8,27.33,93.05571428569999,62.84,16.1428571429,26.9,31.1,21.0,44.2,3
1355,iq,2008,30,2008-07-22,0.30955,52.36,296.54571428599996,297.314285714,295.00285714299997,287.8,47.59,92.77714285709999,52.36,16.5828571429,26.6,32.4,20.8,18.1,1
1356,iq,2008,31,2008-07-29,0.3921167,44.63,297.044285714,298.5,295.37,292.9,39.0,92.04857142860001,44.63,16.8728571429,26.68,33.4,20.6,36.4,5
1357,iq,2008,32,2008-08-05,0.1997286,32.45,297.31,298.571428571,295.505714286,292.6,143.35,91.09285714290002,32.45,17.0571428571,27.4,34.2,18.5,18.1,2
1358,iq,2008,33,2008-08-12,0.4657286,26.03,297.214285714,298.5,295.347142857,292.7,39.69,90.72714285709999,26.03,16.8471428571,27.9,34.8,19.8,11.0,5
1359,iq,2008,34,2008-08-19,0.3805,12.88,299.228571429,300.30714285700003,294.418571429,291.8,33.0,78.2771428571,12.88,15.998571428599998,28.0,38.6,19.2,7.9,5
1360,iq,2008,35,2008-08-26,0.3236,58.2,298.57428571400004,300.142857143,295.092857143,292.7,37.0,84.49142857140001,58.2,16.6528571429,27.8333333333,35.1,20.4,44.0,5
1361,iq,2008,36,2008-09-02,0.3092333,34.59,298.531428571,300.071428571,294.861428571,293.2,29.0,83.05,34.59,16.4657142857,27.35,36.2,20.4,8.1,9
1362,iq,2008,37,2008-09-09,0.2327833,86.14,296.921428571,298.242857143,295.484285714,293.4,59.1,92.6528571429,86.14,17.03,27.9666666667,36.2,20.8,16.5,17
1363,iq,2008,38,2008-09-16,0.3362667,65.43,297.588571429,298.428571429,295.30714285700003,292.1,53.5,88.52571428569999,65.43,16.8185714286,27.8,35.6,20.7,50.1,19
1364,iq,2008,39,2008-09-23,0.4006857,61.38,297.66,298.62142857099997,295.49,292.7,63.27,90.18142857139999,61.38,17.0471428571,27.75,37.0,20.8,26.9,25
1365,iq,2008,40,2008-09-30,0.4048429,24.28,299.178571429,301.15,294.761428571,292.4,121.3,79.5028571429,24.28,16.3314285714,27.75,36.0,19.6,1.0,45
1366,iq,2008,41,2008-10-07,0.2061143,69.47,300.101428571,301.407142857,295.361428571,294.0,53.9,78.4542857143,69.47,17.018571428599998,30.0333333333,37.0,21.5,57.7,34
1367,iq,2008,42,2008-10-14,0.35797140000000005,69.39,298.35,299.9,295.91571428599997,292.7,67.9,88.85714285709999,69.39,17.5271428571,26.45,34.7,21.0,24.9,63
1368,iq,2008,43,2008-10-21,0.2568429,52.65,297.86714285700003,298.98571428599996,296.701428571,292.7,111.9,93.8542857143,52.65,18.3885714286,27.3333333333,35.5,21.5,24.2,44
1369,iq,2008,44,2008-10-28,0.2196143,43.6,298.372857143,299.8,296.825714286,294.0,149.1,92.6085714286,43.6,18.4842857143,27.4,35.0,21.2,0.0,50
1370,iq,2008,45,2008-11-04,0.5457286,57.85,298.464285714,299.528571429,297.468571429,293.1,107.48,95.29,57.85,19.252857142899998,27.82,35.6,21.2,109.0,35
1371,iq,2008,46,2008-11-11,0.4003857,60.36,298.49857142900004,300.221428571,296.01,293.7,63.9,88.3285714286,60.36,17.6257142857,28.3,36.0,20.5,42.6,16
1372,iq,2008,47,2008-11-18,0.1830571,59.44,298.89,300.30714285700003,297.741428571,295.2,199.52,94.1414285714,59.44,19.6171428571,27.9666666667,34.5,21.7,10.6,16
1373,iq,2008,48,2008-11-25,0.3213,81.11,298.53,299.721428571,297.577142857,294.7,90.68,95.26,81.11,19.3885714286,26.1,33.5,21.0,59.0,13
1374,iq,2008,49,2008-12-02,0.15491670000000002,45.03,298.111428571,299.12857142900003,297.044285714,293.4,139.55,94.64,45.03,18.7785714286,26.96,33.7,21.0,80.0,9
1375,iq,2008,50,2008-12-09,0.2580857,64.03,298.651428571,300.214285714,296.182857143,295.1,53.25,88.5514285714,64.03,17.7842857143,27.8,35.0,21.2,17.2,15
1376,iq,2008,51,2008-12-16,0.1923,70.92,298.528571429,300.257142857,296.847142857,295.2,57.61,91.77714285709999,70.92,18.5728571429,27.825,35.0,20.5,51.0,4
1377,iq,2008,52,2008-12-23,0.226625,55.11,299.55714285700003,300.771428571,295.594285714,293.9,41.6,81.86857142859999,55.11,17.2485714286,28.08,35.4,21.2,0.5,0
1378,iq,2009,1,2009-01-01,0.11944289999999999,55.11,299.55714285700003,300.771428571,295.594285714,293.9,41.6,81.86857142859999,55.11,17.2485714286,28.08,35.4,21.2,0.5,1
1379,iq,2009,2,2009-01-08,0.22305,52.28,297.72571428599997,299.007142857,296.784285714,294.2,93.55,95.22285714290001,52.28,18.461428571400003,27.2666666667,34.8,21.1,86.1,10
1380,iq,2009,3,2009-01-15,0.2775,72.03,296.682857143,297.414285714,296.418571429,295.2,149.77,98.61,72.03,17.9957142857,27.18,33.3,21.1,72.8,11
1381,iq,2009,4,2009-01-22,0.2139286,76.16,296.55,297.51428571400004,295.137142857,292.7,53.81,92.46714285709999,76.16,16.641428571400002,27.5666666667,34.0,21.8,11.2,29
1382,iq,2009,5,2009-01-29,0.16171670000000002,118.54,297.495714286,298.8,296.51428571400004,294.0,66.1,94.92857142860001,118.54,18.13,27.65,33.9,21.1,67.8,35
1383,iq,2009,6,2009-02-05,0.3076571,149.06,297.405714286,298.19285714299997,296.84,294.5,93.3,97.00714285709999,149.06,18.4842857143,27.4666666667,35.0,21.0,44.1,30
1384,iq,2009,7,2009-02-12,0.1429714,60.51,297.32285714299996,298.471428571,296.194285714,292.9,48.72,94.2342857143,60.51,17.7657142857,28.1,35.0,21.2,14.0,20
1385,iq,2009,8,2009-02-19,0.20298570000000002,124.8,297.685714286,299.01428571400004,296.254285714,294.2,124.0,92.9057142857,124.8,17.8528571429,27.7,35.0,20.5,111.4,21
1386,iq,2009,9,2009-02-26,0.3160167,147.44,297.391428571,298.864285714,296.494285714,294.3,102.72,95.12142857139999,147.44,18.128571428599997,26.58,33.2,20.5,84.1,12
1387,iq,2009,10,2009-03-05,0.3792857,58.56,297.844285714,299.0,296.71,294.5,87.28,94.37857142860001,58.56,18.3542857143,28.4,35.0,21.0,49.1,9
1388,iq,2009,11,2009-03-12,0.2018714,97.8,297.05857142900004,298.01428571400004,296.715714286,293.6,108.83,98.1342857143,97.8,18.3528571429,27.3,33.8,21.0,0.0,11
1389,iq,2009,12,2009-03-19,0.20138570000000003,106.68,297.36571428599996,298.25,296.5,293.6,66.83,95.70857142860001,106.68,18.1057142857,27.8,33.7,21.0,14.3,9
1390,iq,2009,13,2009-03-26,0.3057857,100.78,297.152857143,298.321428571,296.184285714,294.6,49.93,94.9028571429,100.78,17.78,28.5,34.4,21.5,45.0,5
1391,iq,2009,14,2009-04-02,0.09934286,131.17,297.245714286,298.385714286,296.54571428599996,294.1,63.3,96.3957142857,131.17,18.1757142857,27.95,34.2,21.7,19.0,11
1392,iq,2009,15,2009-04-09,0.1487714,133.47,297.89,298.9,295.804285714,293.1,50.64,89.67285714290001,133.47,17.42,27.133333333299998,35.0,21.0,134.9,3
1393,iq,2009,16,2009-04-16,0.2161429,99.77,296.635714286,297.62142857099997,296.135714286,292.6,74.5,97.3,99.77,17.7042857143,26.9,33.0,21.2,87.3,5
1394,iq,2009,17,2009-04-23,0.20238570000000003,52.74,297.54571428599996,298.278571429,296.887142857,294.9,62.74,96.66428571430001,52.74,18.5042857143,26.8,34.4,21.2,41.2,5
1395,iq,2009,18,2009-04-30,0.3161286,99.89,297.404285714,298.321428571,296.448571429,294.3,93.8,95.0785714286,99.89,18.018571428599998,27.15,34.0,21.0,30.8,4
1396,iq,2009,19,2009-05-07,0.2192,30.73,297.562857143,298.542857143,296.484285714,292.9,59.5,95.1,30.73,18.09,28.1,35.0,22.0,44.0,4
1397,iq,2009,20,2009-05-14,0.2160429,38.51,297.607142857,299.007142857,296.271428571,292.7,46.43,93.29857142860001,38.51,17.858571428599998,28.075,35.0,22.0,11.2,1
1398,iq,2009,21,2009-05-21,0.3445143,66.46,297.724285714,299.521428571,296.012857143,293.4,39.89,91.79,66.46,17.5857142857,28.35,34.6,21.4,50.5,0
1399,iq,2009,22,2009-05-28,0.19014289999999998,40.04,296.70428571400004,297.521428571,296.26428571400004,292.7,73.0,97.74285714290001,40.04,17.83,27.6,34.4,21.0,19.3,2
1400,iq,2009,23,2009-06-04,0.1262857,42.22,296.125714286,296.778571429,295.267142857,292.8,53.91,95.50714285709999,42.22,16.7571428571,28.1,34.0,22.2,19.3,3
1401,iq,2009,24,2009-06-11,0.1994714,8.74,295.104285714,295.778571429,293.91,289.9,112.31,94.13,8.74,15.4828571429,24.6666666667,33.5,20.0,23.9,3
1402,iq,2009,25,2009-06-18,0.3891143,43.32,296.031428571,297.314285714,294.862857143,292.0,45.97,93.9714285714,43.32,16.3628571429,27.05,33.5,19.4,21.0,5
1403,iq,2009,26,2009-06-25,0.2001571,141.65,297.217142857,298.521428571,296.11,293.2,66.41,94.55571428569999,141.65,17.6671428571,27.375,33.4,21.2,40.6,2
1404,iq,2009,27,2009-07-02,0.2189857,68.15,296.452857143,297.821428571,295.357142857,292.3,55.5,94.53857142860001,68.15,16.8742857143,27.45,33.4,21.4,14.0,1
1405,iq,2009,28,2009-07-09,0.2927857,91.4,296.065714286,296.992857143,295.167142857,291.4,39.67,95.38571428569999,91.4,16.68,27.6,33.4,21.6,2.0,2
1406,iq,2009,29,2009-07-16,0.2659,65.19,296.527142857,297.664285714,295.411428571,292.7,40.1,94.6242857143,65.19,16.92,26.825,34.5,21.3,38.9,0
1407,iq,2009,30,2009-07-23,0.2616,35.82,296.525714286,297.964285714,294.052857143,292.3,12.93,88.23,35.82,15.51,26.95,32.2,21.0,20.4,0
1408,iq,2009,31,2009-07-30,0.1559,51.77,297.087142857,298.23571428599996,295.04571428599996,290.4,39.3,89.9714285714,51.77,16.6028571429,27.0,33.5,20.5,32.0,3
1409,iq,2009,32,2009-08-06,0.4019143,9.79,297.37,298.87857142900003,294.82428571400004,290.7,34.4,87.8114285714,9.79,16.3371428571,27.975,35.4,20.5,32.0,5
1410,iq,2009,33,2009-08-13,0.33477140000000005,35.23,298.357142857,299.98571428599996,295.507142857,292.2,43.2,87.11,35.23,17.04,27.7,33.4,21.0,20.1,5
1411,iq,2009,34,2009-08-20,0.2604571,6.52,298.67714285700004,300.107142857,294.708571429,293.0,25.3,80.64,6.52,16.2285714286,28.32,36.2,21.2,1.0,7
1412,iq,2009,35,2009-08-27,0.2820571,95.83,298.99714285700003,300.921428571,296.444285714,293.4,45.34,88.1771428571,95.83,18.1228571429,29.0,36.2,22.0,27.2,5
1413,iq,2009,36,2009-09-03,0.5148286,83.02,297.388571429,298.45,296.388571429,293.5,78.37,94.99285714290001,83.02,17.9885714286,27.6,34.2,21.0,47.5,2
1414,iq,2009,37,2009-09-10,0.2696857,13.74,299.85571428599997,300.75,294.314285714,291.8,9.3,75.2328571429,13.74,15.8657142857,29.1666666667,37.4,21.4,6.1,2
1415,iq,2009,38,2009-09-17,0.30707140000000005,40.17,299.47,300.814285714,294.61857142900004,293.5,23.01,78.11857142859999,40.17,16.2028571429,28.85,37.2,20.4,0.8,2
1416,iq,2009,39,2009-09-24,0.2540143,78.68,299.32428571400004,301.028571429,295.827142857,293.7,33.0,83.7628571429,78.68,17.38,28.866666666700002,37.0,21.0,8.1,0
1417,iq,2009,40,2009-10-01,0.20665709999999998,57.18,298.034285714,299.571428571,296.344285714,294.8,79.1,91.5757142857,57.18,17.9471428571,27.95,35.2,20.5,33.1,2
1418,iq,2009,41,2009-10-08,0.2853857,20.58,298.707142857,300.12857142900003,296.56142857099996,294.3,43.94,89.31,20.58,18.1342857143,27.64,34.8,21.0,29.4,1
1419,iq,2009,42,2009-10-15,0.3197857,30.49,299.737142857,301.0,295.35,293.8,18.1,79.2228571429,30.49,16.8957142857,27.75,34.2,21.2,11.2,1
1420,iq,2009,43,2009-10-22,0.3616571,82.59,298.85571428599997,300.285714286,296.918571429,294.1,67.4,90.65714285709998,82.59,18.661428571400002,27.7333333333,35.3,21.0,137.1,2
1421,iq,2009,44,2009-10-29,0.2616,77.38,298.678571429,300.071428571,297.44285714299997,294.9,84.54,93.8085714286,77.38,19.2542857143,27.8,35.2,21.0,11.2,2
1422,iq,2009,45,2009-11-05,0.3730143,45.79,299.161428571,300.478571429,297.14,292.2,47.31,90.3728571429,45.79,18.9371428571,29.866666666700002,36.8,21.2,3.5,3
1423,iq,2009,46,2009-11-12,0.46792860000000003,96.23,300.321428571,301.785714286,296.92571428599996,296.0,31.65,84.3114285714,96.23,18.6642857143,28.94,35.3,21.9,88.2,9
1424,iq,2009,47,2009-11-19,0.38935,29.72,300.48571428599996,301.75,296.108571429,294.5,47.0,80.7871428571,29.72,17.8071428571,28.9,36.2,22.3,39.1,5
1425,iq,2009,48,2009-11-26,0.3576,38.17,299.455714286,300.614285714,297.22571428599997,295.1,60.7,89.5942857143,38.17,19.0014285714,28.4333333333,36.2,21.8,17.0,5
1426,iq,2009,49,2009-12-03,0.3704571,73.45,298.762857143,299.935714286,296.97,295.0,134.43,91.70857142860001,73.45,18.6714285714,28.025,35.3,22.2,49.0,4
1427,iq,2009,50,2009-12-10,0.2858857,85.62,299.198571429,300.678571429,296.595714286,294.6,49.32,87.75285714290001,85.62,18.3042857143,28.55,35.2,21.2,41.9,4
1428,iq,2009,51,2009-12-17,0.2623,81.21,298.347142857,299.35,296.905714286,295.0,208.87,92.95857142860001,81.21,18.6014285714,28.2,35.6,22.0,54.1,1
1429,iq,2009,52,2009-12-24,0.30025559999999996,98.79,297.18142857099997,298.185714286,296.55714285700003,294.9,66.3,96.88571428569999,98.79,18.18,27.2,32.2,21.8,31.2,0
1430,iq,2010,53,2010-01-01,0.30025559999999996,98.79,297.18142857099997,298.185714286,296.55714285700003,294.9,66.3,96.88571428569999,98.79,18.18,27.2,32.2,21.8,31.2,0
1431,iq,2010,1,2010-01-08,0.1354714,27.04,299.26428571400004,300.521428571,294.53,292.8,8.5,78.27142857140001,27.04,16.1271428571,28.6,35.1,21.8,31.2,10
1432,iq,2010,2,2010-01-15,0.1675286,32.99,298.297142857,299.935714286,296.147142857,293.8,144.6,89.80714285709999,32.99,17.7585714286,27.8333333333,34.2,22.1,15.0,9
1433,iq,2010,3,2010-01-22,0.3027857,19.04,298.92571428599996,300.457142857,296.38,294.8,31.2,87.6414285714,19.04,18.0014285714,28.9666666667,35.2,22.5,0.8,17
1434,iq,2010,4,2010-01-29,0.2612857,138.51,298.291428571,299.614285714,296.56,295.0,65.76,91.79857142860001,138.51,18.1928571429,27.8,35.3,22.4,166.0,16
1435,iq,2010,5,2010-02-05,0.1393429,47.31,298.754285714,300.342857143,296.837142857,295.6,95.83,90.64857142860001,47.31,18.5228571429,27.8,34.2,22.0,62.3,11
1436,iq,2010,6,2010-02-12,0.23887139999999998,78.25,298.25142857099996,299.678571429,297.56857142900003,295.5,172.7,96.5157142857,78.25,19.345714285699998,27.0,33.2,22.9,14.5,12
1437,iq,2010,7,2010-02-19,0.26667140000000006,32.19,299.648571429,300.95,297.09,294.5,54.2,88.3657142857,32.19,18.8571428571,27.3,35.5,21.4,60.9,19
1438,iq,2010,8,2010-02-26,0.3333143,84.67,298.917142857,300.48571428599996,297.928571429,295.2,288.4,94.91571428569999,84.67,19.7728571429,28.02,35.4,21.4,29.9,15
1439,iq,2010,9,2010-03-05,0.14276670000000002,80.58,298.337142857,299.664285714,297.917142857,295.8,144.98,97.7,80.58,19.7542857143,28.5,35.4,21.2,9.9,12
1440,iq,2010,10,2010-03-12,0.3948,57.78,298.837142857,300.092857143,298.141428571,292.8,86.1,96.25,57.78,20.0914285714,28.55,35.4,21.4,44.5,12
1441,iq,2010,11,2010-03-19,0.3416429,121.2,299.19142857099996,300.928571429,298.45,294.0,191.76,96.1242857143,121.2,20.461428571400003,30.0,36.0,22.0,22.9,16
1442,iq,2010,12,2010-03-26,0.29574290000000003,51.29,299.004285714,300.3,297.555714286,294.6,214.9,93.08285714290001,51.29,19.3685714286,27.4666666667,34.5,21.0,20.0,9
1443,iq,2010,13,2010-04-02,0.14524289999999998,49.8,299.00285714299997,300.714285714,296.56857142900003,294.2,24.25,88.7071428571,49.8,18.2142857143,27.9333333333,35.3,21.0,16.0,4
1444,iq,2010,14,2010-04-09,0.2601143,93.76,299.11571428599996,300.271428571,298.161428571,294.6,164.7,95.1828571429,93.76,20.0785714286,29.2,35.4,22.5,16.0,9
1445,iq,2010,15,2010-04-16,0.13588570000000003,17.33,298.305714286,299.55714285700003,297.00285714299997,294.3,150.8,93.6557142857,17.33,18.6771428571,27.15,33.0,21.2,18.0,6
1446,iq,2010,16,2010-04-23,0.2444,86.7,298.43857142900004,299.507142857,297.678571429,294.7,81.4,95.9957142857,86.7,19.448571428599998,27.85,33.5,22.5,51.1,8
1447,iq,2010,17,2010-04-30,0.3079429,26.0,299.048571429,300.028571429,296.468571429,294.6,23.6,87.65714285709998,26.0,18.0685714286,28.85,36.2,21.4,35.4,4
1448,iq,2010,18,2010-05-07,0.3402857,73.97,297.61714285700003,298.585714286,296.97571428599997,294.6,85.46,96.7128571429,73.97,18.6028571429,27.6,33.2,21.4,8.1,2
1449,iq,2010,19,2010-05-14,0.1456,59.4,297.278571429,297.935714286,296.738571429,294.0,87.3,97.44571428569999,59.4,18.391428571400002,27.4,33.7,21.2,32.0,7
1450,iq,2010,20,2010-05-21,0.2445,1.15,297.648571429,298.707142857,293.227142857,290.1,8.8,78.9985714286,1.15,14.908571428599998,25.633333333299998,34.0,20.0,2.5,6
1451,iq,2010,21,2010-05-28,0.2925143,55.3,299.33428571400003,300.771428571,296.825714286,294.5,45.0,88.7657142857,55.3,18.4857142857,28.633333333299998,35.4,22.4,27.0,5
1452,iq,2010,22,2010-06-04,0.2256571,86.47,298.33,299.392857143,296.452857143,291.9,207.1,91.6,86.47,18.07,27.4333333333,34.7,21.7,36.6,8
1453,iq,2010,23,2010-06-11,0.2337143,58.94,296.598571429,297.592857143,295.50142857099996,292.4,50.6,94.28,58.94,17.0085714286,24.4,32.2,19.2,7.4,1
1454,iq,2010,24,2010-06-18,0.3254857,59.67,296.345714286,297.521428571,295.32428571400004,291.9,62.33,94.66,59.67,16.8157142857,25.4333333333,31.2,21.0,16.0,1
1455,iq,2010,25,2010-06-25,0.3157571,63.22,298.097142857,299.835714286,295.80714285700003,292.3,36.9,89.08285714290001,63.22,17.3557142857,27.475,33.7,22.2,20.4,4
